instnm,GraduationRate6Yr,GraduationRate4Yr,PercentFinancialAid,PercentStudentLoans,TotalPriceInStateOnCampus,TotalPriceOutStateOnCampus,TotalPriceInStateWithFamily,PercentAdmitted,TotalEnrollment,Applicants,Enrolled,Admitted,SatMath75th,SatReading75th,SatWriting75th,StudToFacRatio
Abilene Christian University,62,48,100,57,44740,44740,35430,50,4544,10804,1072,5393,590,590,570,15
Adelphi University,68,57,94,59,51708,51708,42508,72,7256,9367,868,6762,620,600,620,11
Alabama A & M University,27,6,88,75,22896,30666,14756,65,5627,7901,1461,5166,480,470,457,19
Alaska Pacific University,48,39,100,63,31010,31010,24910,39,522,699,49,272,545,570,520,8
Albany College of Pharmacy and Health Sciences,48,44,100,81,45089,45089,36379,66,1482,1421,188,936,650,620,610,9
Albion College,71,61,100,67,52085,52085,41265,80,1376,2703,456,2157,560,600,580,12
Alderson Broaddus University,49,39,100,84,36511,36511,29389,54,1154,4206,333,2258,530,510,490,17
Alfred University,61,43,100,85,41421,41421,33011,68,2286,3640,455,2490,580,570,540,13
Alice Lloyd College,31,27,99,65,23850,23850,17960,35,616,4811,182,1689,480,520,550,17
Alma College,67,56,100,95,48268,48268,38446,68,1385,2479,336,1675,670,650,548,11
Alvernia University,53,37,100,83,45920,45920,35100,74,2856,1670,401,1240,550,540,530,12
Alverno College,42,11,100,74,37029,37029,30350,77,2209,613,231,473,490,560,615,10
American International College,44,29,100,88,47840,47840,36202,63,3539,2060,355,1301,500,490,480,14
American University,81,76,82,57,60586,60586,45784,35,13198,16735,1787,5860,650,690,670,12
Amherst College,93,86,62,17,66572,66572,53362,14,1795,8568,477,1210,780,773,770,8
Anderson University,53,47,100,94,39185,39185,31458,55,3212,3322,663,1825,590,593,590,16
Andrews University,62,33,100,62,37732,37732,29200,39,3366,2201,274,863,620,620,600,9
Angelo State University,36,21,93,51,19274,28634,11572,77,8483,3871,1346,2970,540,530,500,19
Appalachian Bible College,40,30,100,30,25180,25180,18250,48,281,101,43,48,560,580,550,15
Appalachian State University,72,49,68,49,18438,32263,10834,66,17932,13083,3049,8684,620,620,600,16
Arcadia University,61,57,98,90,55360,55360,44910,59,3984,9641,602,5713,600,600,590,10
Arkansas State University-Main Campus,44,26,94,52,22103,28103,13963,70,13410,5346,1577,3755,540,540,480,17
Art Academy of Cincinnati,52,44,100,83,40988,40988,31888,23,207,579,76,133,520,530,500,8
Auburn University,75,47,75,31,29794,47410,17210,78,27287,19414,4902,15077,650,630,620,19
Augsburg College,57,43,100,87,48545,48545,40665,59,3458,2925,478,1731,560,635,570,12
Aurora University,58,41,99,68,35004,35004,30458,77,5423,2843,630,2196,530,548,520,17
Austin College,73,69,100,84,50647,50647,39060,54,1255,3357,355,1816,640,650,630,13
Ave Maria University,65,53,100,60,32392,32392,26619,43,1110,2261,301,967,590,620,600,15
Babson College,91,87,56,39,64612,64612,56864,26,3057,7516,528,1977,720,720,660,14
Ball State University,62,45,88,66,23680,39198,15564,61,21196,22147,3503,13399,590,600,580,14
Baptist Memorial College of Health Sciences,72,58,97,65,21212,21212,16071,55,1079,287,60,159,620,600,520,10
Barnard College,91,82,56,35,65261,65261,50151,20,2548,6655,635,1306,720,730,740,10
Baylor University,74,58,98,44,56796,56796,44690,44,16787,32136,3394,14033,670,650,640,15
Becker College,37,25,100,78,50640,50640,38040,67,2153,3268,415,2186,560,550,540,17
Bentley University,89,83,76,49,61005,61005,50720,42,5552,8346,915,3532,690,640,650,12
Berea College,63,48,100,16,34380,34380,27970,37,1643,1635,432,597,620,635,605,10
Berry College,66,59,100,57,46384,46384,36592,55,2245,4347,575,2407,610,630,610,12
Bethany College,41,29,100,87,40100,40100,30300,70,737,1168,208,820,510,490,470,11
Bethany College,42,29,99,86,39720,39720,31620,99,699,1650,188,1638,520,510,490,13
Bethany Lutheran College,55,48,100,75,35240,35240,27470,85,524,347,135,296,710,620,670,9
Bethel College-Indiana,66,56,100,78,38930,38930,30590,66,1719,1938,281,1288,560,560,540,12
Bethel University,35,14,95,74,30196,30196,21414,84,6318,1149,627,965,500,520,520,17
Bethlehem College & Seminary,85,85,8,0,12320,12320,6980,79,191,33,23,26,570,610,590,15
Biola University,72,54,98,64,49708,49708,39484,70,6227,3874,829,2706,620,620,610,15
Black Hills State University,36,16,92,69,19962,22544,13504,84,4395,1385,520,1164,555,500,528,19
Bloomsburg University of Pennsylvania,62,38,86,78,22604,33422,22604,88,9737,9795,2109,8592,540,540,520,21
Bluffton University,49,44,100,81,44058,44058,35668,54,1011,1652,218,885,560,580,550,12
Bob Jones University,60,50,92,43,23980,23980,17700,82,3005,1101,609,903,570,618,570,12
Boise Bible College,48,20,100,50,26415,26415,18315,98,150,54,29,53,570,610,560,11
Boise State University,39,15,81,47,20372,34422,11856,80,22086,8156,2193,6490,570,570,550,17
Boston Baptist College,34,31,100,90,26691,26691,17783,92,85,13,11,12,500,550,500,8
Boston College,93,89,53,38,65620,65620,53824,29,14354,29486,2162,8405,750,720,730,14
Boston University,87,81,54,40,65906,65906,53236,33,32158,54781,3629,17871,730,680,690,12
Bowie State University,37,12,91,72,21540,32022,11460,57,5430,2671,591,1535,470,490,470,16
Brandeis University,90,83,63,41,65954,65954,53958,34,5752,10528,802,3582,770,700,710,10
Brenau University,45,32,97,70,41776,41776,31078,66,2883,2324,203,1525,530,560,520,11
Bridgewater College,66,58,100,78,46430,46430,35690,49,1834,7187,542,3541,560,565,540,14
Brigham Young University-Provo,83,29,71,12,17718,17718,9700,48,33469,13376,5127,6427,680,680,660,20
Bryan College-Dayton,58,52,95,53,34020,34020,27616,46,1489,716,171,326,512,562,565,14
Bryn Athyn College of the New Church,54,47,97,64,32305,32305,21103,42,278,439,89,185,550,555,530,7
Bucknell University,88,84,58,34,65268,65268,53052,25,3625,10967,938,2718,710,680,690,9
Butler University,74,57,95,54,52615,52615,40510,70,4797,9943,1025,7003,630,620,610,11
Cairn University-Langhorne,59,17,100,92,36200,36200,26850,99,1043,390,161,385,540,555,550,13
Caldwell University,58,39,93,65,47240,47240,37200,64,2138,3582,330,2276,550,530,530,12
California Baptist University,60,42,95,75,43384,43384,36430,65,8541,4180,1107,2734,540,540,530,18
California Institute of Technology,94,81,75,22,63471,63471,50997,9,2255,6506,241,573,800,800,800,3
California Lutheran University,73,67,97,61,56211,56211,44578,62,4126,6569,595,4044,600,600,600,15
California University of Pennsylvania,54,37,90,79,25442,29575,17186,85,7854,3590,927,3049,510,510,490,21
Calvary University,56,44,82,57,18576,18576,17186,94,319,52,33,49,578,518,518,7
Campbell University,55,40,90,90,44470,44470,33720,73,6484,6626,976,4870,560,550,530,16
Campbellsville University,37,26,91,68,36172,36172,29502,76,3128,2579,514,1949,550,515,470,13
Capital University,59,53,99,95,46070,46070,39268,72,3465,3734,671,2686,580,600,600,12
Carlow University,57,40,100,89,40506,40506,29934,81,2272,945,223,763,523,540,530,11
Carroll College,66,47,100,58,44672,44672,35454,64,1469,3513,387,2252,600,600,590,13
Case Western Reserve University,82,64,82,45,61510,61510,50230,36,11340,22807,1259,8271,770,720,720,11
Castleton University,47,33,93,78,23382,38790,17632,97,2246,2076,445,2009,533,530,510,12
Catawba College,52,39,100,75,43603,43603,33243,32,1275,3117,308,991,560,550,510,13
Cedar Crest College,56,40,100,88,48715,48715,39100,67,1591,1086,179,733,530,550,520,10
Cedarville University,72,59,99,56,36648,36648,30106,74,3654,3159,819,2344,640,650,630,13
Centenary University,58,46,100,98,46899,46899,38659,87,2284,1186,229,1029,510,510,510,17
Central Baptist College,31,19,93,66,25504,25504,18290,47,881,358,110,170,445,508,450,11
Central Connecticut State University,54,21,85,65,24446,36716,14882,59,12086,8686,1363,5096,550,550,550,15
Central Methodist University-College of Liberal Arts and Sciences,45,35,100,77,35660,35660,28320,58,1094,1431,287,828,548,508,490,12
Central Michigan University,57,22,95,82,22922,34742,14520,69,26825,18575,3486,12770,580,560,560,20
Central Penn College,38,34,94,90,26649,26649,19851,97,1385,582,240,565,435,430,410,11
Central Washington University,52,27,89,61,22482,35295,12702,82,11993,4934,1661,4027,550,550,500,20
Champlain College,62,54,96,69,53586,53586,42036,66,4006,5587,554,3697,630,630,600,14
Chapman University,79,65,87,60,64650,64650,52920,48,8305,13670,1426,6504,650,640,660,14
Chestnut Hill College,48,37,100,83,47955,47955,37518,93,1951,1215,205,1125,530,550,530,9
Chowan University,23,12,100,92,34720,34720,26040,62,1532,4829,552,2982,430,430,410,16
Christopher Newport University,75,63,79,53,27702,39000,17748,60,5172,7366,1224,4427,620,630,600,15
Cincinnati Christian University,37,17,100,70,30086,30086,22226,95,883,227,105,216,570,620,540,13
Claremont McKenna College,93,86,50,32,66325,66325,56614,11,1349,7156,343,784,780,750,760,8
Clarion University of Pennsylvania,50,36,95,78,24502,28972,14934,96,5368,2215,953,2128,510,520,490,18
Clarkson University,71,56,100,75,62332,62332,49546,68,3910,6906,792,4700,660,630,600,14
Cleveland Institute of Art,63,58,95,73,55787,55787,49032,65,606,738,168,479,580,620,600,9
Cleveland State University,41,21,90,62,26436,29678,13936,88,16915,7650,1847,6735,580,570,540,18
Coe College,67,62,99,78,51260,51260,42750,63,1411,3457,368,2190,640,625,608,11
Colby College,89,84,48,20,63330,63330,50720,23,1857,7593,508,1710,740,720,730,10
College of Mount Saint Vincent,55,39,98,83,33995,33995,25875,86,1807,2734,321,2353,490,500,490,14
College of Our Lady of the Elms,64,59,99,86,47538,47538,36330,75,1712,832,186,623,540,530,530,13
College of Saint Benedict,84,79,100,75,53475,53475,43246,74,1943,1860,476,1379,570,590,560,12
College of Saint Elizabeth,50,40,99,91,50631,50631,37887,63,1247,804,101,508,460,443,450,10
College of the Ozarks,69,54,100,0,28476,28476,23138,12,1441,3122,345,386,561,498,534,14
College of William and Mary,91,85,55,25,33630,55330,23152,34,8484,14952,1518,5153,730,730,720,12
Colorado School of Mines,77,52,90,46,31726,49201,21353,38,6054,11752,1003,4427,730,690,650,16
Columbia International University,74,62,100,60,34060,34060,27530,34,1001,553,95,188,550,580,570,14
Columbia University in the City of New York,94,85,57,13,69084,69084,57080,7,28086,36911,1527,2438,790,780,790,6
Columbus State University,30,11,92,60,20871,31445,11801,56,8440,3157,1021,1758,540,550,530,17
Concord University,34,18,97,43,19156,27236,10946,85,2507,1451,445,1232,530,530,510,16
Concordia College-New York,54,45,90,69,43724,43724,32405,71,1156,1024,140,731,500,500,490,13
Concordia University-Irvine,54,49,98,66,46230,46230,37860,59,4505,3135,334,1855,570,560,545,15
Concordia University-Texas,35,23,99,66,41858,41858,32574,82,2559,1036,267,851,550,540,520,9
Concordia University-Wisconsin,56,38,98,72,41320,41320,35050,67,8268,2937,627,1959,588,568,540,12
Corban University,58,54,88,61,43120,43120,32540,31,1232,3108,275,949,560,600,590,15
Cornell College,68,65,100,69,52153,52153,43453,70,1037,1936,276,1364,640,660,630,11
Covenant College,67,59,100,51,43190,43190,33220,94,1102,615,258,578,630,650,650,13
Creighton University,73,67,99,54,50716,50716,40222,70,8435,9747,1068,6870,650,630,620,11
Cumberland University,55,34,100,45,35380,35380,33950,49,1550,695,200,341,600,480,430,16
D'Youville College,45,23,98,77,39750,39750,28570,73,2909,1220,240,886,560,550,530,9
Dakota Wesleyan University,47,31,100,92,36050,36050,29000,74,991,644,178,479,508,521,502,10
Dallas Christian College,34,23,98,76,28856,28856,20936,51,316,271,60,138,499,508,507,13
Davidson College,95,91,70,24,62894,62894,49466,22,1784,5382,510,1191,720,720,720,10
Delaware State University,43,25,98,80,22057,30664,14877,44,4288,8141,897,3617,490,480,460,15
Delaware Valley University,57,49,100,80,50946,50946,38556,69,2266,2594,471,1782,560,550,540,15
DePauw University,85,78,100,40,58478,58478,47678,65,2265,5182,596,3356,670,620,620,10
DeSales University,68,59,99,73,47978,47978,37888,78,3136,2706,429,2100,590,590,580,13
Dominican College of Blauvelt,43,30,100,84,42020,42020,30200,71,2061,1959,365,1400,490,480,480,16
Dominican University,62,50,100,81,42590,42590,35670,63,3696,4161,484,2612,550,580,480,11
Dominican University of California,72,57,99,65,60902,60902,48600,79,1863,2178,255,1717,580,560,550,9
Dordt College,69,63,100,70,41200,41200,33900,70,1458,1342,365,937,650,650,620,15
East Carolina University,61,34,75,61,20644,36218,17382,69,28289,16871,4302,11647,570,560,540,18
East Stroudsburg University of Pennsylvania,57,37,87,81,22128,32946,15906,84,6828,5982,1312,5027,520,510,500,22
Eastern Kentucky University,45,23,98,59,20172,29662,13750,71,16844,10215,2794,7215,550,550,545,16
Eastern Michigan University,41,13,97,62,22351,39646,14785,75,21824,14236,2872,10645,580,580,550,18
Eastern Nazarene College,45,36,100,65,42290,42290,33340,61,1005,1129,114,692,560,550,540,14
Eastern Oregon University,31,16,97,61,21906,32121,11730,97,3488,994,325,967,520,530,490,17
Eastern Washington University,47,21,93,58,22436,36842,12021,82,12361,5166,1724,4240,550,540,520,22
Ecclesia College,11,11,100,64,28430,28430,24010,60,283,213,74,127,510,480,530,11
Edinboro University of Pennsylvania,49,28,96,76,22852,23492,13036,96,6548,3509,1211,3358,520,530,500,19
Edward Waters College,26,8,98,74,24083,24083,16801,54,2254,3353,259,1801,455,430,420,15
Elizabeth City State University,37,16,97,73,13661,26014,6662,70,1585,1531,268,1071,460,460,440,15
Elmhurst College,69,56,99,93,47780,47780,40430,55,3298,3620,478,1983,605,600,590,14
Elon University,82,77,63,31,46670,46670,35322,57,6631,10256,1524,5866,650,640,650,12
Emerson College,80,77,73,58,59807,59807,45752,49,4479,8618,915,4225,640,670,660,13
Emory & Henry College,51,34,100,75,44620,44620,34450,76,1117,1456,304,1112,540,550,520,11
Emory University,91,85,55,33,63058,63058,49928,24,13788,20492,1357,4851,770,720,730,8
Erskine College,63,59,100,78,49765,49765,46865,64,761,991,219,637,560,550,530,12
Eureka College,52,40,100,82,31345,31345,25610,62,695,1225,165,764,640,630,610,13
Evangel University,54,44,100,93,33829,33829,26591,61,1958,1484,362,912,580,580,580,14
Faith Baptist Bible College and Theological Seminary,46,39,99,54,27778,27778,21046,64,269,137,69,88,690,650,610,11
Faulkner University,32,18,100,78,32410,32410,25280,57,3262,1712,297,981,510,520,510,15
Fayetteville State University,32,17,75,57,15531,27139,7711,60,6104,3943,631,2381,470,460,430,17
Ferris State University,44,20,95,71,22438,29030,13612,78,14715,10297,1967,8050,580,540,500,16
Ferrum College,30,19,100,93,43630,43630,33305,73,1334,3020,429,2203,500,500,470,14
Finlandia University,22,10,100,80,34288,34288,27210,46,536,1456,164,669,490,500,460,11
Fisk University,32,26,95,68,38831,38831,26871,81,855,3004,216,2431,560,480,560,13
Fitchburg State University,54,34,90,78,21938,28018,13335,75,6598,3998,789,2989,550,540,520,14
Flagler College-St Augustine,60,46,95,64,31060,31060,21430,50,2702,5260,620,2655,560,588,570,16
Florida Agricultural and Mechanical University,41,12,97,74,20389,32329,11163,51,9928,5832,1485,2998,530,540,510,16
Florida Atlantic University,50,19,77,45,22255,34700,11691,68,30380,15847,3474,10725,570,570,550,23
Florida College,25,16,95,63,28664,28664,19574,81,550,297,181,241,550,560,568,13
Florida Gulf Coast University,46,20,72,42,20142,39186,10718,61,14833,13608,2698,8244,570,570,560,22
Florida International University,56,25,82,34,23240,35638,15414,50,49782,21442,4202,10806,580,590,570,25
Florida Southern College,59,52,100,87,44572,44572,34362,45,2869,6190,698,2806,610,620,600,13
Florida State University,80,61,89,36,22071,37237,11807,56,40830,29828,6100,16674,640,640,640,25
Fordham University,80,74,91,56,67457,67457,51035,48,15286,42811,2211,20366,680,670,680,14
Framingham State University,55,34,87,78,23924,30004,17160,71,6398,4803,855,3401,540,540,530,15
Franklin College,66,60,100,80,41865,41865,34025,70,1087,2023,290,1412,540,540,520,12
Franklin Pierce University,43,36,99,80,49166,49166,37620,80,2273,3740,418,2981,520,520,510,13
Fresno Pacific University,62,49,99,68,39730,39730,34002,63,3342,518,170,327,547,530,525,13
Frostburg State University,47,22,89,69,20568,32668,13394,63,5756,3913,933,2483,530,530,510,16
Gardner-Webb University,44,34,100,66,41020,41020,34494,53,4329,3866,460,2037,550,530,530,13
Geneva College,65,51,99,75,37130,37130,27500,73,1714,1678,335,1230,590,590,560,15
George Fox University,64,56,99,74,46364,46364,36212,77,3925,2903,620,2224,600,600,590,14
George Washington University,84,76,82,43,65260,65260,53210,46,26212,19837,2589,9216,700,690,690,13
Georgia College and State University,59,42,97,43,26900,45248,15204,76,6889,3968,1475,3002,610,620,600,17
Georgia Institute of Technology-Main Campus,86,41,77,25,25780,45972,15124,32,25034,27277,3089,8775,770,730,730,19
Georgia Southern University,51,26,89,59,22927,33501,13127,60,20459,10098,3495,6082,590,590,570,21
Georgia State University,53,23,94,54,26214,40782,14584,57,32058,13970,3447,7914,590,580,570,21
Georgian Court University,42,26,99,81,45976,45976,35168,73,2122,1322,151,963,540,510,518,12
Glenville State College,44,22,98,73,21994,30850,12592,72,1732,1429,341,1036,480,470,480,16
Gordon College,70,61,100,82,47804,47804,38386,93,2045,1832,441,1708,610,620,620,13
Goshen College,68,56,100,61,43700,43700,33800,66,839,797,177,525,598,580,540,10
Grambling State University,34,26,99,98,25108,34267,15560,38,4541,3584,630,1370,490,465,460,20
Grand View University,48,31,100,79,36082,36082,29052,98,1988,784,267,770,540,580,570,13
Greensboro College,44,33,100,98,39600,39600,29500,75,978,1095,226,824,510,510,470,12
Greenville College,47,40,100,81,36200,36200,30518,56,1321,1901,260,1070,540,530,520,13
Gwynedd Mercy University,50,40,100,87,44600,44600,34560,68,2582,1146,241,785,510,500,500,10
Hamline University,59,51,100,75,49302,49302,39566,72,4258,3995,513,2892,650,660,620,13
Hampden-Sydney College,66,60,100,57,57790,57790,44730,55,1087,3683,305,2018,610,620,580,11
Hampton University,55,36,96,82,37190,37190,27112,69,4269,10258,934,7083,550,540,400,9
Hanover College,71,67,99,64,47666,47666,37214,61,1133,3355,304,2056,600,610,570,11
Hardin-Simmons University,52,37,100,62,36216,36216,26650,60,2112,1595,413,957,570,570,540,12
Haverford College,90,86,57,21,66648,66648,51760,25,1233,3467,346,852,770,760,770,8
Hebrew Theological College,5,4,66,0,37930,37930,26830,97,526,403,351,390,570,600,570,20
Heritage Christian University,50,0,100,33,17632,17632,14428,70,92,10,7,7,610,660,560,8
High Point University,64,60,82,44,48380,48380,35930,72,4573,10910,1362,7909,603,593,593,13
Hillsdale College,83,73,99,38,37552,37552,27792,50,1526,1859,370,930,660,750,730,10
Hiram College,61,54,100,83,44787,44787,37261,58,1122,1864,161,1074,578,590,575,10
Hollins University,53,50,100,73,50735,50735,39380,61,802,2233,196,1362,580,630,630,9
Holy Cross College,40,38,83,53,41333,41333,31358,91,578,638,139,578,540,540,510,13
Holy Family University,61,51,100,89,45392,45392,31552,74,2711,1328,342,982,500,510,500,12
Hope International University,43,30,99,72,42628,42628,34685,34,1302,1051,124,360,520,510,510,14
Huntington University,65,55,100,70,36578,36578,32372,84,1252,945,209,793,570,560,550,10
Husson University,54,29,86,76,28654,28654,20132,80,3416,2066,538,1663,540,530,520,15
Illinois Wesleyan University,81,74,100,64,54686,54686,44290,62,1842,3744,450,2318,730,640,670,11
Immaculata University,67,56,99,84,51878,51878,40882,79,2961,1599,190,1257,550,530,550,9
Indiana Institute of Technology,32,17,96,93,38020,38020,30803,70,7542,3016,406,2099,545,520,490,31
Indiana State University,38,19,92,66,21026,31154,12290,85,13584,11819,2784,10104,510,510,490,20
Indiana University of Pennsylvania-Main Campus,54,37,91,80,24916,36815,14081,88,13835,9566,2540,8451,530,530,520,19
Indiana University-Bloomington,76,60,76,38,24539,47892,15822,78,48514,34483,7875,26892,660,630,620,17
Indiana University-Purdue University-Fort Wayne,24,7,86,50,21750,33078,13980,92,12719,3506,1634,3231,550,540,520,17
Indiana University-Purdue University-Indianapolis,47,19,88,53,22296,43014,14434,70,30105,13529,3929,9425,560,560,540,19
Indiana University-South Bend,30,7,88,47,19292,30685,12430,76,7574,2299,906,1752,530,530,510,13
Indiana University-Southeast,32,12,86,45,19893,31323,12219,85,6173,1930,926,1632,520,530,510,14
Indiana Wesleyan University-Marion,64,51,89,56,36174,36174,32956,95,14730,3176,1425,3024,600,590,570,15
Jewish Theological Seminary of America,79,66,54,28,39560,39560,25340,52,359,106,39,55,710,745,720,5
John Brown University,65,56,99,53,36782,36782,28118,74,2781,1166,358,860,625,660,650,15
John Carroll University,76,65,99,63,52100,52100,41180,82,3673,4087,761,3352,600,590,590,13
John Paul the Great Catholic University,63,59,97,67,41897,41897,35804,95,317,122,63,116,595,640,625,21
John Wesley University,30,10,100,65,25550,25550,16270,77,158,104,27,80,470,470,420,15
Johns Hopkins University,92,87,66,36,65496,65496,50956,14,22686,25474,1368,3597,780,750,770,10
Johnson State College,35,19,98,83,23264,35960,15768,95,1514,850,204,809,540,560,530,12
Johnson University,56,54,94,60,23219,23219,18995,58,1171,417,175,241,590,610,600,14
Johnson University Florida,32,19,100,84,22319,22319,18035,39,205,273,69,107,550,520,470,13
Kansas City Art Institute,58,51,99,82,51760,51760,41520,58,645,698,146,405,570,610,570,9
Keene State College,63,54,93,78,25690,33870,15978,79,4383,5674,920,4469,550,550,540,15
Kennesaw State University,42,14,90,50,25773,36349,14306,59,33252,14215,5032,8323,590,590,570,21
Kent State University at Kent,55,32,95,66,25532,33732,16296,85,30067,15772,4334,13369,580,580,560,21
Kentucky Christian University,29,22,97,79,31654,31654,27530,36,606,1185,138,430,540,500,510,12
Kentucky State University,21,5,100,67,18626,28928,13434,38,1586,4768,210,1808,570,480,480,11
Keystone College,49,32,95,83,39200,39200,31980,98,1459,999,293,977,500,510,480,11
Kutztown University of Pennsylvania,55,34,92,81,24401,35219,14803,82,8995,8023,1856,6599,520,530,510,20
La Roche College,53,37,90,54,40510,40510,30680,95,1523,1167,291,1114,520,520,510,12
La Sierra University,47,23,99,69,43212,43212,38844,45,2476,4328,435,1931,520,510,510,14
LaGrange College,47,43,100,84,42780,42780,31540,57,1028,1530,269,876,550,545,520,12
Lake Erie College,45,30,100,77,42750,42750,33792,56,1243,1712,214,964,540,540,520,14
Lake Superior State University,42,21,96,59,22570,27778,13280,92,2249,1615,435,1484,560,530,520,15
Lander University,43,28,98,69,22752,32370,14452,62,2701,2614,558,1620,510,510,493,14
Lasell College,51,46,96,80,48750,48750,36500,78,2160,3171,490,2478,530,530,530,13
Lawrence Technological University,51,20,94,61,45370,45370,35900,55,3516,2147,350,1187,630,590,550,12
Lenoir-Rhyne University,48,35,100,72,46960,46960,35900,84,2221,3994,448,3369,550,550,550,12
Lesley University,55,43,96,69,43215,43215,30510,67,5067,3182,381,2135,570,600,590,10
LeTourneau University,53,38,98,55,41638,41638,32058,45,2795,2203,301,1002,650,630,600,12
Lewis University,61,41,100,76,42100,42100,32530,62,6679,5728,702,3542,600,560,530,13
Liberty University,54,32,96,57,35809,35809,27067,22,80494,48936,4793,10553,590,600,580,18
Life Pacific College,58,52,94,74,25607,25607,19468,64,612,224,90,143,490,540,520,16
LIM College,53,46,87,62,48070,48070,30925,91,1700,1070,269,969,530,540,530,17
Lincoln Christian University,62,49,97,72,25650,25650,18526,60,878,250,91,149,520,470,440,13
Lincoln College,6,3,99,83,30314,30314,23214,52,1194,1343,371,693,380,450,410,16
Lindenwood University,49,29,99,64,31956,31956,24822,55,11620,4156,1221,2302,560,540,500,13
Linfield College-McMinnville Campus,70,57,100,73,52814,52814,42654,84,1700,2330,475,1955,580,580,560,11
LIU Post,46,27,95,64,53184,53184,43046,81,8623,6371,530,5134,560,550,550,13
Lock Haven University,48,32,94,85,24030,32700,14980,92,4607,3415,858,3133,530,520,510,19
Louisiana College,35,22,100,70,24810,24810,20209,69,1092,756,212,525,470,490,470,11
Louisiana State University-Alexandria,23,12,93,41,18176,25168,10982,68,3104,2279,508,1545,560,500,490,20
Lourdes University,28,12,99,74,33840,33840,24740,69,1530,692,151,479,530,510,520,12
Loyola Marymount University,83,74,91,43,60648,60648,48843,51,9392,13288,1354,6748,660,640,650,11
Loyola University Chicago,75,65,96,61,56536,56536,43226,71,16437,21555,2194,15360,630,630,630,14
Lubbock Christian University,39,29,100,89,33030,33030,25760,96,1958,867,275,833,555,550,548,13
Luther College,79,72,100,66,51165,51165,43245,67,2337,3896,624,2606,640,625,610,12
Lycoming College,72,59,100,80,49856,49856,38972,71,1285,1845,347,1314,570,570,540,13
Lynchburg College,56,48,100,74,47495,47495,39055,69,2794,4916,527,3412,550,570,540,11
Lyndon State College,38,20,98,77,23314,34714,16598,98,1266,1180,272,1162,520,540,510,14
Lynn University,45,35,89,41,52212,52212,43573,76,2693,3770,516,2864,550,540,540,18
Lyon College,39,35,100,82,36390,36390,28280,59,715,1607,211,950,580,600,560,15
Maine Maritime Academy,62,42,87,79,26518,39092,16688,65,1032,769,208,501,590,560,530,13
Manchester University,57,49,100,80,42237,42237,35328,71,1536,2949,396,2083,568,550,530,15
Manhattan Christian College,36,21,100,92,26724,26724,20790,82,308,202,79,166,510,470,480,17
Manhattan College,71,57,99,84,56210,56210,42180,67,4071,8313,900,5557,610,580,590,13
Mansfield University of Pennsylvania,54,33,97,87,25280,36098,14292,89,2352,1918,401,1698,530,540,510,15
Marquette University,81,60,100,50,51726,51726,42838,74,11491,20486,1876,15202,660,640,640,15
Mary Baldwin University,46,37,100,80,42131,42131,35331,97,1666,2774,177,2693,540,600,570,12
Maryland Institute College of Art,73,68,95,45,58850,58850,46820,47,2197,3818,411,1808,630,650,630,9
Marymount Manhattan College,45,36,94,83,52700,52700,37200,84,1928,4459,524,3737,550,590,580,11
Marywood University,66,53,99,75,49092,49092,37392,71,3010,2273,371,1603,560,560,550,12
Massachusetts College of Art and Design,72,55,90,66,28400,47900,19400,71,1990,1273,293,908,580,620,600,9
Massachusetts Maritime Academy,76,61,93,90,23454,39260,10430,74,1674,825,385,610,590,570,550,16
McKendree University,52,36,99,72,40500,40500,32130,63,3001,1904,362,1209,530,550,490,14
McMurry University,36,28,99,80,38279,38279,31018,53,1071,1378,297,735,510,470,450,11
MCPHS University,71,52,97,71,49632,49632,36340,87,7074,4867,783,4213,610,570,580,16
Menlo College,53,43,97,64,56403,56403,44880,38,787,2445,150,931,563,533,525,14
Mercer University,66,49,100,62,49393,49393,38495,67,8600,4559,831,3049,660,650,625,13
Messiah College,76,73,100,82,45360,45360,36250,79,3302,2469,691,1950,630,620,600,12
Methodist University,41,21,99,72,51291,51291,43146,56,2474,4480,520,2506,550,530,510,12
Michigan State University,78,52,68,44,26048,48848,16524,66,50538,35300,8173,23397,680,580,580,17
Michigan Technological University,67,28,97,60,27677,43641,17820,75,7218,5386,1277,4063,690,670,630,12
Mid-Atlantic Christian University,42,16,100,82,26790,26790,21390,42,204,224,55,94,560,550,520,12
Midland University,46,37,100,87,40800,40800,34560,61,1646,1745,304,1058,510,490,455,15
Midwestern State University,41,19,93,55,19200,21150,10452,76,6043,2854,826,2169,550,540,510,18
Millersville University of Pennsylvania,61,38,85,75,26189,35607,14944,73,7959,6053,1336,4422,550,550,530,20
Milligan College,63,53,100,63,39248,39248,32748,65,1193,603,187,393,600,590,588,9
Millikin University,60,49,100,78,44628,44628,33730,60,2152,3540,420,2124,590,590,590,11
Mills College,66,61,100,68,60992,60992,49062,72,1397,893,140,639,620,670,650,10
Minneapolis College of Art and Design,65,57,100,94,46840,46840,40204,66,796,556,145,367,550,650,560,11
Molloy College,75,48,98,71,47122,47122,39122,76,4894,3550,539,2681,580,570,560,10
Monmouth University,70,55,99,74,50250,50250,38144,74,6394,7691,1056,5706,550,570,560,14
Montana State University,53,24,84,43,20099,35331,11449,83,15236,14816,3018,12277,640,630,610,19
Montana State University-Northern,22,11,85,55,16029,28108,9729,100,1234,473,229,473,478,528,478,14
Montana Tech of the University of Montana,45,18,86,40,19599,32631,9949,89,2130,687,284,610,640,600,550,15
Moravian College,69,66,100,79,53616,53616,43586,75,2261,2737,523,2041,510,580,550,12
Morehead State University,46,27,99,64,20186,32334,12620,85,10872,4888,1461,4174,550,550,520,18
Morehouse College,50,38,98,84,47952,47952,32230,76,2167,2288,598,1738,550,550,520,12
Morrisville State College,31,24,98,79,25640,35690,12270,58,2940,3935,821,2293,500,490,460,15
Mount Ida College,43,32,98,84,48372,48372,35572,63,1345,2319,433,1467,500,510,500,13
Mount Mary University,43,26,100,75,41520,41520,33630,53,1313,764,146,402,425,453,453,10
Mount Saint Mary's University,65,49,98,95,54143,54143,43026,77,3431,2407,551,1842,510,510,500,13
Mount St Mary's University,71,65,100,70,52600,52600,42700,67,2257,6113,506,4105,560,570,560,12
Muskingum University,54,38,100,96,38690,38690,33439,74,2427,1977,360,1461,520,550,480,14
Neumann University,54,30,100,88,41980,41980,30726,91,2901,2253,401,2046,500,490,480,13
New College of Florida,63,54,100,34,20318,43346,11386,61,861,1655,261,1009,660,720,670,10
New Jersey Institute of Technology,61,25,89,49,34408,48626,23508,61,11325,6045,1108,3673,680,630,630,17
New Mexico State University-Main Campus,45,17,95,34,19144,32702,11080,66,15490,7427,1993,4884,540,530,520,16
New York School of Interior Design,83,25,75,50,48970,48970,27970,42,538,155,12,65,545,620,630,10
New York University,85,82,58,33,68400,68400,50820,32,50027,57727,5917,18515,750,720,730,10
Newman University,50,39,100,49,37380,37380,30040,56,3595,1267,163,713,590,580,540,14
Nicholls State University,47,21,95,54,21068,31999,12560,90,6158,2399,1212,2164,610,540,510,19
Norfolk State University,37,24,100,82,23909,35667,14939,79,5107,2445,475,1930,450,460,430,16
North Carolina A & T State University,43,18,86,75,17943,30703,13972,60,10852,6010,1780,3635,500,490,470,19
North Carolina Central University,43,20,97,85,19998,32036,10866,66,8011,7651,1108,5040,470,470,460,16
North Carolina State University at Raleigh,78,48,69,43,22398,38749,12087,50,34015,21364,4364,10774,680,650,630,15
North Dakota State University-Main Campus,55,27,90,64,20308,31602,13226,94,14516,5311,2552,4973,630,630,520,18
North Greenville University,57,44,100,49,32000,32000,22360,58,2689,1613,545,935,670,630,660,14
North Park University,53,39,99,75,37940,37940,28960,49,3159,3901,358,1929,590,580,570,11
Northeastern University,86,0,73,43,62800,62800,48330,28,19940,50523,2797,14388,770,740,730,14
Northern Illinois University,47,23,96,71,29065,38531,18299,50,20130,17099,2259,8610,550,530,520,15
Northern Kentucky University,38,15,96,58,20948,29684,12180,92,14699,7397,2266,6797,580,595,560,19
Northern Michigan University,47,22,96,64,21306,26706,12020,70,8303,5820,1426,4067,580,580,550,21
Northland College,50,45,98,72,44553,44553,36204,57,541,852,128,487,535,570,585,9
Northwest Christian University,49,44,100,69,38910,38910,30690,68,740,369,84,251,535,540,540,12
Northwest Nazarene University,49,31,100,67,38750,38750,32250,56,2207,1589,267,894,570,580,560,15
Northwest University,53,43,98,71,38927,38927,31777,95,1236,515,203,490,550,560,540,10
Northwestern University,94,84,62,26,68060,68060,53976,13,21655,32122,2018,4190,800,760,770,7
Notre Dame de Namur University,50,34,96,83,51620,51620,39174,87,1855,1710,173,1482,510,520,510,11
Oberlin College,85,71,87,38,66870,66870,54498,29,2929,7815,778,2249,710,740,730,9
Oglethorpe University,47,35,99,86,49830,49830,38900,78,1155,2768,326,2172,600,630,600,15
Ohio Dominican University,37,29,99,80,44000,44000,35470,81,2534,1410,249,1140,570,580,530,14
Ohio Northern University,74,60,99,95,43558,43558,32668,69,3238,3108,586,2146,640,600,590,11
Ohio State University-Main Campus,84,59,88,41,25579,42907,16347,49,58663,40240,7032,19872,720,670,660,19
Ohio University-Main Campus,64,46,93,64,26494,35458,19184,74,29012,21000,4423,15628,610,600,590,18
Oklahoma Christian University,49,33,100,59,31770,31770,24740,59,2570,2597,452,1535,620,610,580,13
Oklahoma City University,59,46,98,51,44834,44834,34926,70,2991,1562,320,1096,610,600,580,11
Oklahoma Wesleyan University,44,32,99,82,36668,36668,28806,95,1527,2092,194,1982,540,500,500,15
Oregon Institute of Technology,47,22,88,55,22792,38779,13733,57,4777,1487,347,847,590,580,540,19
Oregon State University,63,33,85,55,26415,45075,14541,78,29576,14058,3593,11016,630,610,590,18
Otterbein University,58,51,100,80,45197,45197,37071,75,2808,2917,569,2197,610,620,590,10
Pacific Lutheran University,71,58,98,52,51838,51838,42020,76,3170,3623,643,2737,610,620,600,11
Pacific Union College,48,31,100,73,41700,41700,35112,45,1555,2041,251,923,570,560,540,15
Paine College,20,6,100,94,24910,24910,18248,31,555,3790,131,1161,410,420,430,9
Palm Beach Atlantic University,51,40,100,57,41587,41587,33169,93,3918,1504,551,1397,590,590,580,13
Paul Quinn College,8,3,100,68,16525,16525,10525,60,424,3242,251,1941,420,420,415,20
Pennsylvania State University-Main Campus,86,68,65,45,35068,48900,23458,51,47307,53472,7626,27440,670,630,640,16
Pennsylvania State University-Penn State Altoona,69,45,83,70,32164,39898,20554,89,3839,5738,1379,5129,550,540,530,16
Pennsylvania State University-Penn State Beaver,48,30,93,74,31214,37900,19604,82,705,753,210,620,570,550,530,16
Pennsylvania State University-Penn State Berks,57,37,87,75,32164,39898,20554,85,2906,2413,793,2048,560,540,520,17
Pennsylvania State University-Penn State Erie-Behrend College,63,43,79,67,32164,39898,20554,87,4327,4079,1176,3552,610,560,550,15
Pennsylvania State University-Penn State Greater Allegheny,39,21,91,77,31214,37900,19604,79,577,594,158,468,540,540,510,11
Pennsylvania State University-Penn State Harrisburg,63,40,77,56,32164,39898,20554,85,4678,3938,858,3342,610,560,550,15
Pennsylvania State University-Penn State Hazleton,50,32,95,77,31456,38650,19846,84,831,763,262,640,540,520,500,13
Pennsylvania State University-Penn State Mont Alto,48,26,94,78,31224,37910,19614,79,893,688,246,546,535,530,500,11
Pennsylvania State University-Penn State Schuylkill,41,21,96,79,31456,38650,19846,73,783,690,220,504,510,520,500,13
Pepperdine University,87,76,84,45,66152,66152,52342,38,7632,9923,745,3781,670,650,650,13
Philadelphia University,58,42,98,72,54188,54188,42282,64,3670,4129,527,2651,600,580,570,13
Pine Manor College,28,20,97,82,43330,43330,31850,71,495,764,162,542,440,430,440,15
Point Loma Nazarene University,71,62,92,59,47140,47140,38446,71,3663,2809,599,2004,630,620,610,15
Point Park University,58,51,98,78,42370,42370,31550,71,3844,4021,595,2836,530,560,550,13
Pomona College,97,92,64,19,64870,64870,49720,10,1663,8099,400,834,770,760,770,7
Portland State University,48,21,80,51,23634,39609,14724,86,27488,6299,1744,5397,570,590,560,19
Post University,33,26,100,83,32760,32760,22260,81,7429,2401,976,1948,510,500,510,19
Prairie View A & M University,31,9,96,74,22016,34543,12831,86,8315,5067,1627,4355,470,460,440,18
Pratt Institute-Main,70,50,75,47,62882,62882,52586,57,4784,5571,828,3197,630,610,610,8
Presbyterian College,63,57,100,68,49580,49580,40330,62,1379,2072,262,1291,600,590,570,11
Prescott College,31,28,100,71,39991,39991,31617,70,819,328,35,231,570,580,580,9
Presentation College,44,37,100,81,31248,31248,22558,62,769,305,110,190,520,490,460,10
Principia College,68,61,97,57,40250,40250,29440,75,460,159,79,120,608,590,568,6
Purdue University-Main Campus,77,49,65,34,23032,41834,14402,59,40472,45264,6942,26692,700,630,630,12
Quinnipiac University,78,74,95,64,59290,59290,46970,74,9654,22745,1903,16765,600,580,590,12
Randolph-Macon College,59,52,100,64,50980,50980,40100,66,1418,2968,405,1970,580,600,580,12
Reed College,78,66,59,45,64480,64480,51890,35,1453,5396,421,1888,720,760,730,9
Regis University,68,50,98,54,48078,48078,38096,66,8725,5493,545,3609,590,580,570,14
Reinhardt University,34,23,100,73,34894,34894,27326,91,1364,1158,293,1051,520,530,510,12
Rhode Island College,47,19,86,67,21231,32892,11597,72,8512,4732,1113,3389,510,520,500,14
Rhode Island School of Design,90,68,44,35,64640,64640,53036,37,2481,2425,464,902,720,680,690,9
Rice University,93,83,67,18,58253,58253,44603,16,6719,17951,969,2865,800,760,770,6
Rider University,66,58,100,75,55770,55770,42360,69,5069,9851,862,6798,560,550,540,12
Roanoke College,63,57,100,67,55411,55411,43041,72,2001,4325,508,3134,590,610,598,11
Robert Morris University,61,45,98,78,43404,43404,33758,78,5377,6579,871,5109,580,570,550,15
Roberts Wesleyan College,59,48,100,75,42690,42690,35066,66,1712,1330,242,882,590,590,570,13
Rochester Institute of Technology,68,29,96,71,51068,51068,40650,57,16639,18598,2906,10652,680,660,630,13
Rockford University,49,32,100,83,40740,40740,33430,54,1274,2250,168,1211,520,560,550,10
Rocky Mountain College,48,32,100,74,38096,38096,30092,70,1035,1423,239,994,550,550,540,11
Roosevelt University,40,26,95,66,45432,45432,34000,72,5352,3308,361,2391,610,635,600,11
Rose-Hulman Institute of Technology,82,69,99,52,60801,60801,48141,58,2354,4331,545,2503,750,670,660,13
Rosemont College,48,38,100,95,48398,48398,39018,71,887,875,135,618,505,520,505,10
Rowan University,71,48,86,65,28210,36324,21964,71,16155,12289,2233,8736,610,580,570,18
Rutgers University-Camden,59,27,91,66,29923,44813,18213,58,6408,7518,429,4389,570,550,550,12
Rutgers University-New Brunswick,80,59,69,53,30398,45788,18344,58,49428,35340,6607,20657,700,640,660,15
Rutgers University-Newark,66,34,80,46,30651,46041,17810,65,11720,11646,1200,7529,580,550,550,14
Saint Augustine's University,23,18,100,95,32416,32416,22715,58,810,2581,211,1488,430,410,410,12
Saint Edward's University,64,52,91,57,53200,53200,42566,77,4620,5034,873,3899,600,620,600,14
Saint Francis University,67,57,94,69,47678,47678,41178,74,2664,1932,417,1432,590,570,560,14
Saint John Fisher College,73,65,100,79,44650,44650,34790,62,3823,4586,553,2860,600,570,560,12
Saint Johns University,79,72,100,66,52230,52230,42626,74,1869,1609,451,1192,581,560,540,12
Saint Joseph's College of Maine,54,47,99,91,48030,48030,36520,78,2581,1390,280,1079,540,540,520,12
Saint Martin's University,55,41,99,61,47534,47534,37194,93,1719,945,179,880,570,580,550,11
Saint Mary's College,77,71,99,67,51120,51120,40700,80,1657,1722,419,1384,590,620,620,10
Saint Mary's College of California,73,60,96,61,61227,61227,47727,75,4030,4850,650,3650,610,620,610,11
Saint Mary's University of Minnesota,61,51,99,63,42400,42400,39785,78,5931,1447,277,1123,548,548,540,18
Saint Mary-of-the-Woods College,45,39,100,71,44072,44072,33572,59,873,283,73,168,500,530,500,6
Saint Peter's University,54,39,100,58,50966,50966,38548,67,3406,4528,569,3048,515,500,490,13
Saint Vincent College,73,62,100,77,46135,46135,38342,70,1857,1908,445,1332,580,580,560,12
Saint Xavier University,51,31,100,76,44706,44706,34550,75,3949,7883,622,5886,530,520,540,13
Samford University,73,59,97,35,43666,43666,34400,93,5206,3196,826,2982,610,610,610,12
San Diego Christian College,52,44,99,98,44112,44112,34720,52,917,433,110,224,510,528,510,16
Savannah College of Art and Design,67,52,98,51,52577,52577,38900,70,11861,9841,2048,6880,580,600,590,20
School of the Art Institute of Chicago,66,42,85,40,61010,61010,47740,66,3591,4210,574,2799,670,630,630,9
School of Visual Arts,64,56,55,43,58613,58613,40913,75,4408,3648,698,2748,610,590,600,9
Schreiner University,45,42,99,68,36226,36226,27186,90,1230,943,289,850,550,540,520,14
Seattle University,75,64,96,59,56481,56481,47580,73,7405,7806,1002,5700,630,650,630,11
Shenandoah University,57,40,100,74,44780,44780,36360,82,3820,2044,446,1677,563,560,540,10
Shippensburg University of Pennsylvania,56,41,88,79,25504,34558,15090,89,7048,6126,1390,5461,550,530,520,20
Shorter University,37,27,100,70,33606,33606,25781,63,1472,1622,262,1020,530,530,530,15
Simmons College,74,68,100,71,55250,55250,42570,58,5567,4575,471,2634,610,630,630,7
Simpson University,47,35,100,100,37610,37610,30754,52,1162,623,88,321,560,560,530,9
Slippery Rock University of Pennsylvania,68,52,91,79,23417,26947,15905,68,8611,5781,1523,3952,540,540,520,22
Soka University of America,90,85,100,79,46504,46504,36020,46,444,451,127,208,740,650,640,8
Southeastern Bible College,40,20,100,78,20923,20923,16300,100,151,18,11,18,630,680,580,8
Southeastern University,41,28,97,72,35988,35988,26840,46,4538,3823,979,1777,530,550,530,20
Southern Connecticut State University,51,24,81,70,24210,36480,12919,65,10473,8113,1408,5241,500,510,520,14
Southern Illinois University-Edwardsville,47,26,89,61,22995,34488,13944,88,14265,7786,2096,6869,615,558,570,19
Southern Methodist University,79,68,73,24,67165,67165,51790,49,11643,12992,1374,6360,720,690,690,11
Southern University and A & M College,29,7,98,86,19955,30305,12537,79,6401,2505,1219,1968,510,495,500,24
Southern University at New Orleans,16,5,97,76,17557,17557,10593,21,2709,1795,211,385,480,390,460,20
Southern Utah University,39,22,96,60,19657,32489,12700,72,8881,8387,1427,6050,570,590,570,18
Southern Vermont College,20,14,100,83,36960,36960,26260,63,475,499,104,315,500,490,470,14
Southern Virginia University,33,26,98,60,27100,27100,19600,38,732,1755,249,672,570,580,550,16
Southwest Minnesota State University,50,3,88,69,20254,20254,12682,64,7276,2013,449,1289,530,540,540,28
Southwestern Adventist University,47,20,98,65,31122,31122,23712,49,789,1476,147,716,500,500,360,11
Southwestern Christian University,31,17,93,70,22343,22343,16070,48,746,440,166,212,600,580,560,13
St Bonaventure University,64,52,100,71,44717,44717,33889,66,1992,2996,390,1977,590,580,550,11
St Francis College,52,27,97,44,41800,41800,27800,79,2672,2747,534,2164,500,500,500,17
St Thomas University,41,28,97,61,41699,41699,34917,49,4918,1570,195,768,510,520,500,12
St. Thomas Aquinas College,60,42,97,66,44270,44270,32740,79,1836,1918,276,1513,530,520,510,15
State University of New York at New Paltz,72,54,90,60,23017,32867,12187,42,7751,14655,1079,6084,600,610,600,15
Stephens College,48,47,100,81,43294,43294,33476,68,901,1220,191,827,570,600,560,10
Stevenson University,53,38,99,67,47622,47622,35492,60,4185,5747,734,3433,560,550,550,14
Stockton University,70,50,91,69,29256,35908,18367,71,8674,4980,1151,3531,600,580,570,17
Stony Brook University,72,52,76,43,23655,38735,15091,41,25272,34146,2836,13995,720,660,660,17
Suffolk University,59,45,93,60,52308,52308,40010,82,7922,8492,1334,6995,560,560,560,13
Sul Ross State University,16,13,95,63,19283,28643,10745,80,2967,1143,351,914,480,460,430,15
SUNY at Binghamton,83,71,84,47,24251,37371,12248,42,16913,30616,2661,13010,703,680,670,20
SUNY College at Brockport,68,48,90,74,22420,31770,13642,53,8161,9528,1145,5018,570,550,530,16
SUNY College at Old Westbury,43,22,83,55,22493,32343,13143,50,4353,4474,389,2241,550,530,510,18
SUNY Maritime College,56,34,90,60,24325,34175,12809,68,1860,1342,334,917,610,590,550,17
Sweet Briar College,61,55,100,75,50937,50937,39035,95,320,99,24,94,575,655,640,5
Syracuse University,82,69,71,50,61242,61242,46362,48,21789,33254,3481,16071,660,630,640,16
Tarleton State University,43,24,87,62,18362,27722,11230,50,12330,9300,1961,4619,530,520,500,19
Taylor University,76,66,99,52,41967,41967,33470,85,2168,1716,521,1460,640,640,600,12
Texas A & M International University,41,17,74,25,18987,28502,11992,48,7192,6407,983,3076,520,500,480,19
Texas A & M University-College Station,80,52,77,33,24772,43364,14434,67,63813,33213,10318,22134,670,640,610,20
Texas A & M University-Corpus Christi,35,18,71,58,20553,30019,12085,84,11661,8909,2342,7463,540,530,510,19
Texas A&M University-Texarkana,26,17,91,59,18783,28809,9311,71,1905,1411,155,1000,540,540,500,9
Texas Christian University,77,63,81,28,58270,58270,46470,43,10324,18423,2078,7974,650,630,640,13
Texas Lutheran University,52,30,100,96,40840,40840,31850,51,1373,1863,395,945,565,550,520,14
Texas Southern University,17,6,94,73,25346,37046,14780,51,8965,10487,1457,5338,460,440,430,18
Texas State University,54,27,80,58,21328,32248,16458,71,37979,20711,5784,14672,560,560,530,23
Texas Tech University,60,34,75,43,22576,31936,12774,63,35859,23010,5160,14510,620,600,570,22
Texas Wesleyan University,30,17,82,37,39164,39164,30704,46,2474,3062,369,1407,540,550,510,16
Texas Woman's University,38,21,92,59,18402,27762,10434,86,15286,4772,1154,4100,530,520,510,18
The College of New Jersey,87,75,79,53,32820,43751,22596,49,7406,11290,1453,5495,670,640,650,13
The College of Saint Scholastica,66,57,100,69,46036,46036,37262,61,4329,3589,439,2206,540,470,490,15
The Evergreen State College,56,43,86,48,22348,36763,15976,98,4190,1744,595,1707,560,630,590,22
The King’s College,53,46,100,92,55555,55555,36980,40,513,2529,150,1001,590,660,640,15
The Master's University and Seminary,68,55,96,62,45066,45066,35843,95,1713,490,201,464,590,620,600,10
The University of Alabama,69,44,79,44,28422,44202,16954,54,37098,36203,7211,19400,610,600,600,24
The University of Findlay,63,52,100,82,43340,43340,33833,76,5031,3106,715,2357,480,560,480,16
The University of Montana,48,25,89,54,19118,36008,10712,91,13044,5600,1750,5097,600,620,600,17
The University of Tampa,59,48,95,72,41519,41519,31969,51,7959,18721,1801,9499,590,580,570,17
The University of Texas at Arlington,48,21,83,40,23324,33220,14926,66,41988,10777,2816,7152,610,540,560,25
The University of Texas at Austin,81,55,60,39,26322,51192,14866,39,50950,42392,7743,16633,720,690,690,18
The University of Texas at Dallas,67,51,77,28,25528,41558,16244,61,24554,11237,2728,6909,700,670,650,23
The University of Texas at San Antonio,35,13,84,52,21749,31471,11903,78,28787,15706,4975,12243,580,570,540,23
The University of Texas at Tyler,39,23,84,40,18630,30554,12046,64,8785,2468,778,1591,590,570,560,17
The University of Texas Rio Grande Valley,41,19,91,21,19300,28660,13530,82,28584,9055,4202,7447,530,520,500,22
The University of the Arts,61,55,100,91,60579,60579,45910,74,1876,1608,406,1185,570,590,580,8
The University of Virginia's College at Wise,41,23,99,69,23446,39680,13490,77,2027,1042,296,801,510,530,510,12
The University of West Florida,49,27,87,49,20072,32953,9860,42,12763,7104,1359,2951,550,570,540,22
Thomas Aquinas College,82,75,82,81,35724,35724,28880,75,377,189,79,142,650,730,700,11
Towson University,71,46,80,56,24668,36274,13312,73,22101,10947,2714,8033,590,580,580,17
Trinity Baptist College,38,28,96,66,21110,21110,14840,86,438,205,97,177,470,500,460,18
Trinity Bible College and Graduate School,30,20,96,85,27102,27102,20256,42,217,158,48,67,450,450,440,13
Trinity College of Florida,31,17,94,78,28363,28363,20086,74,205,57,33,42,470,500,470,8
Truett McConnell University,42,35,100,69,30720,30720,23100,91,2017,485,208,442,510,510,505,16
Tufts University,92,87,43,22,65900,65900,58300,16,11137,19063,1360,3069,770,750,750,9
Tulane University of Louisiana,83,72,72,29,65082,65082,54966,30,12485,26257,1719,8008,700,710,720,9
University of Alaska Fairbanks,39,15,84,32,18104,29733,11324,73,8638,1554,798,1136,610,610,570,11
University of Arkansas at Little Rock,28,12,95,57,22593,32925,14160,90,11891,1938,859,1741,550,560,510,15
University of Arkansas at Pine Bluff,23,7,97,65,17650,23380,11420,46,2658,4452,684,2055,500,500,485,15
University of Bridgeport,29,21,95,75,52393,52393,40421,52,5433,6703,412,3470,500,510,490,16
University of California-Berkeley,92,76,63,25,35255,59963,25643,17,38189,78893,5550,13320,770,740,760,17
University of California-Davis,85,55,70,39,34377,59085,26033,38,35186,64602,5369,24518,710,630,650,18
University of California-Irvine,87,71,68,41,32102,56810,24889,39,30836,71775,5756,27764,690,600,620,19
University of California-Los Angeles,91,74,64,33,33391,58099,24703,17,41908,92690,5679,16016,760,710,730,16
University of California-Merced,66,38,92,52,34774,59482,25125,61,6685,18862,1788,11447,570,550,540,18
University of California-Riverside,73,47,85,53,33485,58193,25261,56,21385,38511,4044,21412,610,600,630,22
University of California-San Diego,87,59,56,33,31466,56174,25330,34,32906,78061,5292,26335,770,680,710,19
University of California-Santa Barbara,82,69,70,41,35203,59911,26534,33,23497,70536,4473,23026,700,660,630,17
University of California-Santa Cruz,77,52,77,47,34764,59472,25934,50,17868,45532,3620,22897,670,630,630,18
University of Central Arkansas,42,24,100,57,20542,26459,14560,92,11754,5063,2044,4667,570,540,550,17
University of Central Florida,69,40,87,41,22222,38321,12458,49,62953,35572,6553,17279,640,630,610,30
University of Cincinnati-Main Campus,67,31,84,54,27788,43122,17024,76,36042,17265,4435,13101,660,630,620,17
University of Connecticut,82,70,75,47,29302,50844,16816,53,27043,34978,3774,18598,690,650,650,17
University of Dallas,67,59,98,51,51700,51700,39600,64,2387,2228,393,1426,650,690,650,10
University of Dayton,75,59,96,52,53530,53530,41340,58,11250,16968,2143,9760,630,620,610,16
University of Delaware,83,71,84,52,26650,45550,14820,67,22852,24881,4487,16569,660,640,640,16
University of Denver,79,66,86,41,60206,60206,48504,73,11797,15036,1426,10938,660,660,630,11
University of Detroit Mercy,68,45,100,67,52128,52128,45170,73,4920,4453,516,3247,628,608,608,10
University of Evansville,69,58,93,62,47500,47500,39370,70,2495,4167,515,2906,630,610,590,12
University of Florida,87,67,93,25,20661,42939,11011,48,50645,29220,6887,13892,680,670,670,20
University of Georgia,84,62,95,34,25134,43344,15684,53,36130,21945,5274,11604,670,660,660,18
University of Hawaii at Manoa,58,25,72,36,28724,48776,14308,81,18865,7690,1907,6261,610,580,570,13
University of Idaho,56,30,97,67,20294,34298,12114,72,11372,6212,1588,4476,580,590,560,16
University of Illinois at Chicago,58,31,85,44,29574,42430,20192,77,29048,15664,3485,12007,670,590,590,18
University of Indianapolis,55,41,97,70,40658,40658,31782,73,5504,7216,961,5297,560,560,540,12
University of Kentucky,64,38,93,49,26700,40032,15258,89,29727,18725,5211,16685,630,620,610,17
University of La Verne,66,48,99,68,56111,56111,45094,47,8334,8179,724,3859,570,560,560,17
University of Louisiana at Monroe,42,18,98,44,19546,31646,12797,88,8804,3417,1301,2995,660,558,550,21
University of Louisville,53,28,97,45,25250,39556,17308,72,21294,9685,2797,6943,620,620,590,13
University of Maine,59,36,95,70,23386,41656,13810,91,10922,11044,2047,10073,610,600,578,16
University of Maine at Fort Kent,27,22,94,66,18985,18985,10575,89,1559,215,124,192,500,480,480,15
University of Mary,54,38,100,70,26643,26643,20397,96,2872,900,410,861,580,600,575,13
University of Mary Hardin-Baylor,48,32,97,73,37730,37730,30430,80,3898,7504,726,6033,570,560,530,19
University of Mary Washington,72,62,87,50,25992,40156,16130,83,4647,5551,972,4588,590,620,600,14
University of Maryland Eastern Shore,36,15,92,76,21739,30801,17175,49,4465,7249,1020,3556,460,470,450,15
University of Maryland-Baltimore County,64,38,73,42,26506,39270,15824,59,13839,10629,1559,6316,670,640,630,19
University of Massachusetts-Dartmouth,48,28,93,78,26982,40567,17360,76,8916,7591,1430,5789,570,560,550,18
University of Memphis,42,17,96,54,23846,35558,14785,40,20585,16672,2105,6632,570,580,550,14
University of Miami,82,70,79,28,62329,62329,49421,38,16785,33420,2084,12629,700,690,680,12
University of Michigan-Ann Arbor,91,77,64,29,27812,57432,19442,26,43651,51797,6092,13611,770,730,730,12
University of Michigan-Flint,37,13,89,85,23604,33060,14898,74,8470,3918,642,2883,640,530,535,15
University of Minnesota-Crookston,54,42,91,65,23075,23075,14982,77,2823,1093,239,839,560,530,510,17
University of Minnesota-Duluth,59,35,88,66,23860,27810,16650,76,10878,7499,1997,5696,590,610,580,17
University of Minnesota-Morris,64,50,93,57,23350,23350,15546,60,1856,3619,416,2164,640,660,620,12
University of Minnesota-Rochester,55,49,94,74,25872,25872,16432,28,416,803,88,221,600,610,630,11
University of Minnesota-Twin Cities,78,61,82,48,26304,34724,16990,45,50678,46165,5771,20579,740,700,690,17
University of Montevallo,50,28,93,60,25892,37262,18210,70,3031,2024,505,1417,580,595,585,16
University of Nebraska at Omaha,45,1,85,40,20350,32062,11608,76,15526,5581,2062,4238,610,618,585,16
University of Nevada-Las Vegas,41,12,91,33,22529,36439,14007,88,28600,7603,3784,6722,560,560,530,22
University of Nevada-Reno,54,23,91,41,22812,36722,12772,79,20898,10454,3851,8208,600,590,570,22
University of New England,59,53,100,84,51830,51830,39810,85,7794,4416,626,3760,590,580,560,13
University of New Hampshire-Main Campus,78,67,85,71,31528,44798,22180,79,15351,19255,3220,15137,610,600,590,19
University of New Haven,56,45,96,78,53030,53030,42510,82,6786,10748,1244,8826,580,580,570,16
University of North Carolina at Asheville,62,39,76,53,20264,35878,13032,79,3891,3285,735,2579,610,640,610,14
University of North Carolina at Chapel Hill,91,84,64,29,24349,49431,13447,31,29084,31143,4076,9510,720,710,700,14
University of North Carolina at Charlotte,57,29,72,56,20705,33876,10224,63,27983,16383,3452,10372,600,580,560,19
University of North Carolina at Greensboro,54,30,84,67,19499,34361,12385,59,19393,10566,2773,6192,550,560,540,17
University of North Carolina at Pembroke,36,20,91,74,18496,28944,10205,74,6441,4596,1233,3418,500,490,470,15
University of North Carolina School of the Arts,65,63,78,57,22947,38367,13225,34,970,887,199,305,600,630,610,6
University of North Carolina Wilmington,72,53,71,52,22151,36017,12685,61,14918,11444,2029,6976,630,630,620,17
University of North Florida,54,26,79,41,21102,35506,11428,57,15675,10902,1577,6171,610,630,590,18
University of Northern Iowa,65,39,82,58,20037,30225,11717,80,11981,5394,1916,4290,610,570,550,17
University of Pennsylvania,95,85,60,14,66800,66800,52810,10,24876,37268,2435,3787,790,760,780,6
University of Pittsburgh-Bradford,49,32,96,81,24398,35214,15806,63,1453,3181,359,2004,530,540,520,17
University of Pittsburgh-Greensburg,58,37,93,73,25566,36382,15816,71,1562,2044,409,1461,560,560,530,18
University of Pittsburgh-Johnstown,53,32,94,75,25008,35824,15808,81,2816,3456,724,2800,570,550,530,20
University of Pittsburgh-Pittsburgh Campus,81,64,77,56,31696,42462,20796,54,28649,30626,4014,16503,690,660,670,15
University of Rhode Island,63,42,93,81,28064,44054,22006,74,16613,20366,3011,14980,590,580,570,17
University of Richmond,88,84,63,37,61370,61370,50250,31,4181,9977,807,3104,720,700,700,8
University of Saint Francis-Fort Wayne,55,39,100,76,39350,39350,31020,95,2240,991,372,944,540,530,530,11
University of San Diego,78,66,81,38,61569,61569,50634,52,8251,13675,1105,7067,670,640,650,14
University of San Francisco,72,62,78,46,61684,61684,47534,64,10797,15462,1267,9951,640,620,620,14
University of South Alabama,38,16,93,59,20252,27284,12802,78,16211,6625,2105,5178,540,560,560,20
University of South Carolina-Upstate,42,24,98,73,23673,34323,16198,56,5996,4056,835,2273,510,530,500,17
University of South Dakota,54,34,95,67,20974,23855,13644,74,9971,4218,1287,3102,610,520,590,17
University of South Florida-Main Campus,67,44,89,40,21110,32024,11710,45,42067,30393,4164,13566,640,630,600,24
University of South Florida-St Petersburg,36,22,84,50,20521,31435,11121,47,4739,5122,597,2400,570,600,580,16
University of Southern California,92,77,64,27,67212,67212,55417,18,43401,51924,2949,9181,770,730,750,9
University of Southern Indiana,38,19,89,58,18751,28532,11131,69,10671,6215,1690,4309,550,550,525,18
University of Southern Maine,34,14,94,70,22724,33436,12476,88,7739,3402,705,2986,550,550,540,16
University of St Francis,63,44,100,76,42834,42834,34870,51,3957,1423,181,719,630,530,490,11
University of St Thomas,60,33,97,41,43806,43806,36166,78,3357,874,243,682,610,600,580,9
University of the Ozarks,42,30,100,77,36925,36925,29687,97,651,744,211,720,520,540,520,13
University of the Pacific,68,50,94,57,60733,60733,48982,65,6281,14449,937,9328,660,620,630,13
University of the Sciences,70,63,100,69,56744,56744,42968,58,2664,3738,322,2168,630,600,610,10
University of Toledo,43,22,95,57,24422,33760,15899,93,20377,10678,3341,9952,620,580,560,20
University of Utah,65,29,87,30,21777,39602,12777,81,31592,12174,3410,9913,660,640,620,16
University of Vermont,74,62,95,52,31000,53392,22314,71,12815,25274,2400,17907,640,650,650,15
University of Virginia-Main Campus,94,88,56,28,29572,58745,18802,30,23883,30840,3674,9186,740,720,720,15
University of Washington-Bothell Campus,67,42,66,35,27586,49890,16753,79,5277,2840,694,2236,590,570,550,22
University of Washington-Seattle Campus,84,65,58,28,27034,49338,15724,53,45408,36840,6789,19646,710,660,650,20
University of Washington-Tacoma Campus,60,50,85,38,27733,50037,16900,83,4599,1577,461,1302,550,550,520,16
University of West Alabama,29,16,93,92,19158,26302,12698,73,4032,1195,420,878,560,530,530,13
University of Wisconsin-Madison,85,56,66,36,24673,43923,14985,58,42716,28007,6269,16134,750,660,690,18
University of Wisconsin-Whitewater,57,29,80,65,18319,26392,11237,80,12360,6082,2189,4896,590,550,510,22
Urbana University,34,25,92,77,33036,33036,24012,91,2042,459,148,419,548,520,440,20
Ursuline College,52,31,99,80,40934,40934,34270,88,1178,723,115,636,535,590,565,6
Valdosta State University,36,16,91,65,20427,31001,12515,50,11302,5564,1387,2806,530,550,530,19
Valley City State University,35,21,99,71,17863,26469,11688,86,1422,403,209,348,480,475,450,11
Valparaiso University,66,54,99,59,49500,49500,38980,82,4524,6657,742,5452,630,600,590,12
VanderCook College of Music,59,41,100,90,42026,42026,31249,96,196,47,21,45,612,472,510,6
Villanova University,90,86,65,47,62773,62773,51966,48,10711,16206,1700,7761,710,690,690,12
Virginia Commonwealth University,62,36,82,57,29976,48668,18696,79,30918,14815,3997,11697,590,610,590,17
Virginia Polytechnic Institute and State University,84,61,64,40,24855,41499,16565,73,32663,22280,6324,16355,680,640,630,14
Virginia State University,44,25,92,92,21453,31625,16033,77,4696,6650,765,5119,460,480,450,13
Visible Music College,45,41,100,59,31000,31000,19900,94,109,17,16,16,620,710,710,6
Wabash College,72,64,100,72,51840,51840,42480,61,868,1247,238,766,640,610,600,10
Walla Walla University,54,24,100,60,37602,37602,30762,56,1840,1816,361,1025,580,600,570,13
Wartburg College,69,66,99,73,48600,48600,39590,74,1537,2147,366,1585,650,620,583,11
Washington Adventist University,38,17,50,33,33740,33740,25090,33,1044,1375,143,455,460,470,490,7
Washington State University,67,41,90,48,27825,41425,16469,80,29686,19766,4727,15742,580,570,550,15
Washington University in St Louis,94,88,53,21,67751,67751,53817,17,14688,29259,1731,4898,790,760,770,8
Watkins College of Art Design & Film,31,12,84,47,37170,37170,26790,70,292,117,40,82,600,690,660,8
Wayland Baptist University,24,10,94,69,25366,25366,19414,99,5231,542,314,535,515,490,460,10
Waynesburg University,60,53,99,85,33700,33700,24930,86,1869,1418,356,1214,550,550,520,12
Webster University,59,45,97,62,43000,43000,34508,56,15256,1994,419,1119,615,630,620,13
Wellesley College,91,83,66,32,63390,63390,50686,30,2510,4623,595,1380,750,740,750,7
Wells College,53,51,100,94,52350,52350,39350,63,555,2225,168,1395,540,550,530,9
Wentworth Institute of Technology,65,47,97,75,51190,51190,42990,67,4576,6975,965,4650,630,580,560,15
Wesley College,22,14,100,87,40190,40190,29420,63,1650,4051,480,2534,470,470,450,13
Wesleyan College,58,48,93,59,33310,33310,24240,42,708,848,119,353,560,580,580,8
West Chester University of Pennsylvania,70,46,80,72,25962,36780,15022,59,16597,12624,2396,7408,580,580,570,19
West Liberty University,42,20,96,72,21407,28817,12597,72,2341,1692,409,1220,540,510,520,13
West Virginia State University,29,10,90,63,21284,30194,11037,94,3166,1439,365,1354,500,510,480,17
West Virginia Wesleyan College,50,38,99,68,42923,42923,34857,77,1518,1782,392,1376,550,540,530,13
Western Carolina University,57,37,85,65,20014,30407,11351,40,10340,17699,1639,7127,570,560,530,16
Western Oregon University,39,20,89,71,23339,36698,13701,88,5445,3327,944,2920,530,540,510,14
Western Washington University,69,40,83,45,23236,35588,12775,82,15332,9933,2809,8183,600,620,590,18
Westfield State University,66,53,88,88,22361,28441,13044,80,6496,5140,1292,4092,550,540,530,17
Westminster College,71,68,100,79,46725,46725,38355,73,1314,2277,299,1657,580,590,560,10
Westminster College,64,56,100,76,37330,37330,29690,64,951,1789,239,1139,615,535,523,14
Westmont College,77,74,95,83,57400,57400,45760,81,1297,2077,338,1687,650,650,640,12
Wheaton College,91,82,87,53,45260,45260,35970,71,2929,1971,605,1390,700,710,700,11
Wheeling Jesuit University,58,48,100,73,38200,38200,32530,61,1385,1217,184,739,560,550,510,11
Whitman College,88,83,80,55,59902,59902,48338,43,1470,3790,364,1619,700,720,700,9
Whittier College,64,58,93,73,57783,57783,45297,63,2187,5192,445,3251,590,580,560,12
Wilberforce University,21,6,100,74,25131,25131,18675,55,646,1596,179,880,400,380,398,8
Wilkes University,62,48,97,84,50122,50122,37356,82,5053,3164,584,2586,598,578,550,15
Willamette University,78,70,99,56,58997,58997,47797,78,2746,6332,521,4935,660,670,650,10
William Jessup University,65,53,99,74,41699,41699,32528,76,1161,522,147,397,560,575,550,11
William Woods University,54,45,100,81,37320,37320,26060,73,2172,863,184,631,520,540,555,11
Wilson College,59,36,100,82,38104,38104,28072,45,923,1112,116,503,520,540,500,10
Wingate University,54,44,93,58,42540,42540,32220,70,3149,8018,664,5597,570,560,550,14
Winston-Salem State University,47,20,96,86,18926,28742,9772,59,5107,4478,887,2621,470,460,440,14
Wofford College,80,78,92,46,53539,53539,43056,72,1660,2792,442,2005,630,630,620,11
Worcester State University,56,36,88,67,24485,30565,13425,69,6306,3703,814,2539,560,550,540,17
Wright State University-Lake Campus,26,18,84,40,19472,27840,9798,99,1172,385,271,381,520,480,440,27
Wright State University-Main Campus,35,19,92,64,23688,32056,12686,96,17070,5560,2396,5336,600,600,570,22
Xavier University,72,62,99,65,49220,49220,38080,72,6260,10661,1150,7631,590,590,590,11
Xavier University of Louisiana,41,25,98,69,34372,34372,25572,66,2969,4847,684,3187,560,550,540,14
Yeshiva University,82,71,85,35,57355,57355,44620,80,6194,1558,777,1254,680,690,660,7
York College Pennsylvania,60,39,99,77,31600,31600,21940,43,4739,13235,903,5694,580,570,550,16
Young Harris College,42,39,100,66,41020,41020,33172,52,1204,2232,328,1165,530,550,530,11
Zaytuna College,50,50,50,0,32310,32310,20410,71,61,21,8,15,660,680,668,6
