Source,Date,Mean
GCAG,12/6/2016,0.7895
GISTEMP,12/6/2016,0.81
GCAG,11/6/2016,0.7504
GISTEMP,11/6/2016,0.93
GCAG,10/6/2016,0.7292
GISTEMP,10/6/2016,0.89
GCAG,9/6/2016,0.8767
GISTEMP,9/6/2016,0.87
GCAG,8/6/2016,0.8998
GISTEMP,8/6/2016,0.98
GCAG,7/6/2016,0.8687
GISTEMP,7/6/2016,0.83
GCAG,6/6/2016,0.9006
GISTEMP,6/6/2016,0.76
GCAG,5/6/2016,0.8738
GISTEMP,5/6/2016,0.93
GCAG,4/6/2016,1.0733
GISTEMP,4/6/2016,1.09
GCAG,3/6/2016,1.2245
GISTEMP,3/6/2016,1.3
GCAG,2/6/2016,1.1921
GISTEMP,2/6/2016,1.35
GCAG,1/6/2016,1.0569
GISTEMP,1/6/2016,1.17
GCAG,12/6/2015,1.1219
GISTEMP,12/6/2015,1.11
GCAG,11/6/2015,0.9655
GISTEMP,11/6/2015,1.04
GCAG,10/6/2015,0.9913
GISTEMP,10/6/2015,1.06
GCAG,9/6/2015,0.926
GISTEMP,9/6/2015,0.81
GCAG,8/6/2015,0.8746
GISTEMP,8/6/2015,0.78
GCAG,7/6/2015,0.8072
GISTEMP,7/6/2015,0.71
GCAG,6/6/2015,0.8835
GISTEMP,6/6/2015,0.78
GCAG,5/6/2015,0.8584
GISTEMP,5/6/2015,0.78
GCAG,4/6/2015,0.7741
GISTEMP,4/6/2015,0.74
GCAG,3/6/2015,0.8969
GISTEMP,3/6/2015,0.9
GCAG,2/6/2015,0.8843
GISTEMP,2/6/2015,0.86
GCAG,1/6/2015,0.8141
GISTEMP,1/6/2015,0.81
GCAG,12/6/2014,0.8308
GISTEMP,12/6/2014,0.79
GCAG,11/6/2014,0.6895
GISTEMP,11/6/2014,0.67
GCAG,10/6/2014,0.7851
GISTEMP,10/6/2014,0.85
GCAG,9/6/2014,0.7872
GISTEMP,9/6/2014,0.9
GCAG,8/6/2014,0.7986
GISTEMP,8/6/2014,0.82
GCAG,7/6/2014,0.6988
GISTEMP,7/6/2014,0.57
GCAG,6/6/2014,0.7623
GISTEMP,6/6/2014,0.66
GCAG,5/6/2014,0.7938
GISTEMP,5/6/2014,0.87
GCAG,4/6/2014,0.8006
GISTEMP,4/6/2014,0.78
GCAG,3/6/2014,0.7695
GISTEMP,3/6/2014,0.77
GCAG,2/6/2014,0.48
GISTEMP,2/6/2014,0.51
GCAG,1/6/2014,0.6936
GISTEMP,1/6/2014,0.73
GCAG,12/6/2013,0.6981
GISTEMP,12/6/2013,0.67
GCAG,11/6/2013,0.8293
GISTEMP,11/6/2013,0.81
GCAG,10/6/2013,0.6787
GISTEMP,10/6/2013,0.69
GCAG,9/6/2013,0.6857
GISTEMP,9/6/2013,0.78
GCAG,8/6/2013,0.6605
GISTEMP,8/6/2013,0.66
GCAG,7/6/2013,0.6662
GISTEMP,7/6/2013,0.59
GCAG,6/6/2013,0.6838
GISTEMP,6/6/2013,0.65
GCAG,5/6/2013,0.7141
GISTEMP,5/6/2013,0.61
GCAG,4/6/2013,0.561
GISTEMP,4/6/2013,0.52
GCAG,3/6/2013,0.6139
GISTEMP,3/6/2013,0.66
GCAG,2/6/2013,0.6357
GISTEMP,2/6/2013,0.55
GCAG,1/6/2013,0.5873
GISTEMP,1/6/2013,0.68
GCAG,12/6/2012,0.4655
GISTEMP,12/6/2012,0.53
GCAG,11/6/2012,0.7087
GISTEMP,11/6/2012,0.75
GCAG,10/6/2012,0.7022
GISTEMP,10/6/2012,0.78
GCAG,9/6/2012,0.7266
GISTEMP,9/6/2012,0.76
GCAG,8/6/2012,0.6694
GISTEMP,8/6/2012,0.63
GCAG,7/6/2012,0.6884
GISTEMP,7/6/2012,0.57
GCAG,6/6/2012,0.7039
GISTEMP,6/6/2012,0.62
GCAG,5/6/2012,0.7221
GISTEMP,5/6/2012,0.76
GCAG,4/6/2012,0.7335
GISTEMP,4/6/2012,0.69
GCAG,3/6/2012,0.5218
GISTEMP,3/6/2012,0.58
GCAG,2/6/2012,0.4235
GISTEMP,2/6/2012,0.49
GCAG,1/6/2012,0.4228
GISTEMP,1/6/2012,0.46
GCAG,12/6/2011,0.5485
GISTEMP,12/6/2011,0.54
GCAG,11/6/2011,0.4857
GISTEMP,11/6/2011,0.56
GCAG,10/6/2011,0.6349
GISTEMP,10/6/2011,0.66
GCAG,9/6/2011,0.5998
GISTEMP,9/6/2011,0.56
GCAG,8/6/2011,0.616
GISTEMP,8/6/2011,0.73
GCAG,7/6/2011,0.6282
GISTEMP,7/6/2011,0.73
GCAG,6/6/2011,0.6465
GISTEMP,6/6/2011,0.59
GCAG,5/6/2011,0.5741
GISTEMP,5/6/2011,0.53
GCAG,4/6/2011,0.6522
GISTEMP,4/6/2011,0.65
GCAG,3/6/2011,0.5915
GISTEMP,3/6/2011,0.64
GCAG,2/6/2011,0.4976
GISTEMP,2/6/2011,0.53
GCAG,1/6/2011,0.4706
GISTEMP,1/6/2011,0.51
GCAG,12/6/2010,0.4894
GISTEMP,12/6/2010,0.49
GCAG,11/6/2010,0.7682
GISTEMP,11/6/2010,0.79
GCAG,10/6/2010,0.6268
GISTEMP,10/6/2010,0.71
GCAG,9/6/2010,0.5724
GISTEMP,9/6/2010,0.61
GCAG,8/6/2010,0.6595
GISTEMP,8/6/2010,0.65
GCAG,7/6/2010,0.7287
GISTEMP,7/6/2010,0.62
GCAG,6/6/2010,0.7339
GISTEMP,6/6/2010,0.64
GCAG,5/6/2010,0.7582
GISTEMP,5/6/2010,0.75
GCAG,4/6/2010,0.8287
GISTEMP,4/6/2010,0.87
GCAG,3/6/2010,0.847
GISTEMP,3/6/2010,0.92
GCAG,2/6/2010,0.708
GISTEMP,2/6/2010,0.78
GCAG,1/6/2010,0.6958
GISTEMP,1/6/2010,0.73
GCAG,12/6/2009,0.6176
GISTEMP,12/6/2009,0.65
GCAG,11/6/2009,0.6716
GISTEMP,11/6/2009,0.77
GCAG,10/6/2009,0.6418
GISTEMP,10/6/2009,0.64
GCAG,9/6/2009,0.7083
GISTEMP,9/6/2009,0.7
GCAG,8/6/2009,0.6998
GISTEMP,8/6/2009,0.66
GCAG,7/6/2009,0.6439
GISTEMP,7/6/2009,0.72
GCAG,6/6/2009,0.6741
GISTEMP,6/6/2009,0.65
GCAG,5/6/2009,0.5868
GISTEMP,5/6/2009,0.65
GCAG,4/6/2009,0.6539
GISTEMP,4/6/2009,0.61
GCAG,3/6/2009,0.5794
GISTEMP,3/6/2009,0.53
GCAG,2/6/2009,0.5679
GISTEMP,2/6/2009,0.53
GCAG,1/6/2009,0.5955
GISTEMP,1/6/2009,0.62
GCAG,12/6/2008,0.5635
GISTEMP,12/6/2008,0.54
GCAG,11/6/2008,0.6703
GISTEMP,11/6/2008,0.66
GCAG,10/6/2008,0.669
GISTEMP,10/6/2008,0.67
GCAG,9/6/2008,0.5318
GISTEMP,9/6/2008,0.65
GCAG,8/6/2008,0.5594
GISTEMP,8/6/2008,0.44
GCAG,7/6/2008,0.5796
GISTEMP,7/6/2008,0.6
GCAG,6/6/2008,0.5314
GISTEMP,6/6/2008,0.48
GCAG,5/6/2008,0.5011
GISTEMP,5/6/2008,0.51
GCAG,4/6/2008,0.4827
GISTEMP,4/6/2008,0.53
GCAG,3/6/2008,0.7625
GISTEMP,3/6/2008,0.73
GCAG,2/6/2008,0.3774
GISTEMP,2/6/2008,0.36
GCAG,1/6/2008,0.2746
GISTEMP,1/6/2008,0.24
GCAG,12/6/2007,0.4872
GISTEMP,12/6/2007,0.5
GCAG,11/6/2007,0.5172
GISTEMP,11/6/2007,0.57
GCAG,10/6/2007,0.567
GISTEMP,10/6/2007,0.6
GCAG,9/6/2007,0.5775
GISTEMP,9/6/2007,0.64
GCAG,8/6/2007,0.5509
GISTEMP,8/6/2007,0.6
GCAG,7/6/2007,0.5286
GISTEMP,7/6/2007,0.62
GCAG,6/6/2007,0.5374
GISTEMP,6/6/2007,0.58
GCAG,5/6/2007,0.609
GISTEMP,5/6/2007,0.67
GCAG,4/6/2007,0.7336
GISTEMP,4/6/2007,0.76
GCAG,3/6/2007,0.6668
GISTEMP,3/6/2007,0.7
GCAG,2/6/2007,0.6609
GISTEMP,2/6/2007,0.7
GCAG,1/6/2007,0.8839
GISTEMP,1/6/2007,0.96
GCAG,12/6/2006,0.7692
GISTEMP,12/6/2006,0.77
GCAG,11/6/2006,0.6449
GISTEMP,11/6/2006,0.72
GCAG,10/6/2006,0.6774
GISTEMP,10/6/2006,0.69
GCAG,9/6/2006,0.6337
GISTEMP,9/6/2006,0.64
GCAG,8/6/2006,0.6231
GISTEMP,8/6/2006,0.72
GCAG,7/6/2006,0.6218
GISTEMP,7/6/2006,0.54
GCAG,6/6/2006,0.6399
GISTEMP,6/6/2006,0.64
GCAG,5/6/2006,0.5499
GISTEMP,5/6/2006,0.47
GCAG,4/6/2006,0.5177
GISTEMP,4/6/2006,0.5
GCAG,3/6/2006,0.5931
GISTEMP,3/6/2006,0.63
GCAG,2/6/2006,0.6221
GISTEMP,2/6/2006,0.7
GCAG,1/6/2006,0.4567
GISTEMP,1/6/2006,0.57
GCAG,12/6/2005,0.6235
GISTEMP,12/6/2005,0.68
GCAG,11/6/2005,0.728
GISTEMP,11/6/2005,0.76
GCAG,10/6/2005,0.693
GISTEMP,10/6/2005,0.8
GCAG,9/6/2005,0.6867
GISTEMP,9/6/2005,0.78
GCAG,8/6/2005,0.6247
GISTEMP,8/6/2005,0.63
GCAG,7/6/2005,0.6572
GISTEMP,7/6/2005,0.66
GCAG,6/6/2005,0.6722
GISTEMP,6/6/2005,0.67
GCAG,5/6/2005,0.6573
GISTEMP,5/6/2005,0.65
GCAG,4/6/2005,0.7314
GISTEMP,4/6/2005,0.69
GCAG,3/6/2005,0.6918
GISTEMP,3/6/2005,0.69
GCAG,2/6/2005,0.5143
GISTEMP,2/6/2005,0.58
GCAG,1/6/2005,0.6223
GISTEMP,1/6/2005,0.72
GCAG,12/6/2004,0.5081
GISTEMP,12/6/2004,0.52
GCAG,11/6/2004,0.7601
GISTEMP,11/6/2004,0.72
GCAG,10/6/2004,0.6177
GISTEMP,10/6/2004,0.66
GCAG,9/6/2004,0.5331
GISTEMP,9/6/2004,0.53
GCAG,8/6/2004,0.5141
GISTEMP,8/6/2004,0.45
GCAG,7/6/2004,0.4806
GISTEMP,7/6/2004,0.26
GCAG,6/6/2004,0.4707
GISTEMP,6/6/2004,0.43
GCAG,5/6/2004,0.4442
GISTEMP,5/6/2004,0.42
GCAG,4/6/2004,0.594
GISTEMP,4/6/2004,0.62
GCAG,3/6/2004,0.6964
GISTEMP,3/6/2004,0.64
GCAG,2/6/2004,0.7232
GISTEMP,2/6/2004,0.71
GCAG,1/6/2004,0.5979
GISTEMP,1/6/2004,0.59
GCAG,12/6/2003,0.7361
GISTEMP,12/6/2003,0.75
GCAG,11/6/2003,0.5784
GISTEMP,11/6/2003,0.55
GCAG,10/6/2003,0.7271
GISTEMP,10/6/2003,0.75
GCAG,9/6/2003,0.6412
GISTEMP,9/6/2003,0.66
GCAG,8/6/2003,0.6202
GISTEMP,8/6/2003,0.66
GCAG,7/6/2003,0.5408
GISTEMP,7/6/2003,0.55
GCAG,6/6/2003,0.5381
GISTEMP,6/6/2003,0.49
GCAG,5/6/2003,0.5954
GISTEMP,5/6/2003,0.62
GCAG,4/6/2003,0.5601
GISTEMP,4/6/2003,0.55
GCAG,3/6/2003,0.5702
GISTEMP,3/6/2003,0.57
GCAG,2/6/2003,0.5626
GISTEMP,2/6/2003,0.55
GCAG,1/6/2003,0.6907
GISTEMP,1/6/2003,0.73
GCAG,12/6/2002,0.4366
GISTEMP,12/6/2002,0.43
GCAG,11/6/2002,0.5918
GISTEMP,11/6/2002,0.59
GCAG,10/6/2002,0.4773
GISTEMP,10/6/2002,0.57
GCAG,9/6/2002,0.5661
GISTEMP,9/6/2002,0.65
GCAG,8/6/2002,0.5359
GISTEMP,8/6/2002,0.55
GCAG,7/6/2002,0.6229
GISTEMP,7/6/2002,0.62
GCAG,6/6/2002,0.589
GISTEMP,6/6/2002,0.54
GCAG,5/6/2002,0.5656
GISTEMP,5/6/2002,0.65
GCAG,4/6/2002,0.5725
GISTEMP,4/6/2002,0.58
GCAG,3/6/2002,0.7887
GISTEMP,3/6/2002,0.91
GCAG,2/6/2002,0.7846
GISTEMP,2/6/2002,0.76
GCAG,1/6/2002,0.6962
GISTEMP,1/6/2002,0.75
GCAG,12/6/2001,0.5128
GISTEMP,12/6/2001,0.55
GCAG,11/6/2001,0.688
GISTEMP,11/6/2001,0.7
GCAG,10/6/2001,0.5006
GISTEMP,10/6/2001,0.52
GCAG,9/6/2001,0.505
GISTEMP,9/6/2001,0.56
GCAG,8/6/2001,0.6032
GISTEMP,8/6/2001,0.49
GCAG,7/6/2001,0.5586
GISTEMP,7/6/2001,0.61
GCAG,6/6/2001,0.5373
GISTEMP,6/6/2001,0.55
GCAG,5/6/2001,0.5997
GISTEMP,5/6/2001,0.59
GCAG,4/6/2001,0.5666
GISTEMP,4/6/2001,0.52
GCAG,3/6/2001,0.6293
GISTEMP,3/6/2001,0.58
GCAG,2/6/2001,0.3946
GISTEMP,2/6/2001,0.46
GCAG,1/6/2001,0.472
GISTEMP,1/6/2001,0.44
GCAG,12/6/2000,0.3192
GISTEMP,12/6/2000,0.3
GCAG,11/6/2000,0.2557
GISTEMP,11/6/2000,0.34
GCAG,10/6/2000,0.3027
GISTEMP,10/6/2000,0.3
GCAG,9/6/2000,0.4384
GISTEMP,9/6/2000,0.42
GCAG,8/6/2000,0.4557
GISTEMP,8/6/2000,0.43
GCAG,7/6/2000,0.3919
GISTEMP,7/6/2000,0.42
GCAG,6/6/2000,0.4076
GISTEMP,6/6/2000,0.44
GCAG,5/6/2000,0.4657
GISTEMP,5/6/2000,0.4
GCAG,4/6/2000,0.6311
GISTEMP,4/6/2000,0.59
GCAG,3/6/2000,0.5561
GISTEMP,3/6/2000,0.6
GCAG,2/6/2000,0.5439
GISTEMP,2/6/2000,0.58
GCAG,1/6/2000,0.3467
GISTEMP,1/6/2000,0.26
GCAG,12/6/1999,0.5779
GISTEMP,12/6/1999,0.46
GCAG,11/6/1999,0.3688
GISTEMP,11/6/1999,0.42
GCAG,10/6/1999,0.3773
GISTEMP,10/6/1999,0.43
GCAG,9/6/1999,0.3976
GISTEMP,9/6/1999,0.43
GCAG,8/6/1999,0.3695
GISTEMP,8/6/1999,0.34
GCAG,7/6/1999,0.4029
GISTEMP,7/6/1999,0.41
GCAG,6/6/1999,0.4203
GISTEMP,6/6/1999,0.37
GCAG,5/6/1999,0.4086
GISTEMP,5/6/1999,0.33
GCAG,4/6/1999,0.459
GISTEMP,4/6/1999,0.34
GCAG,3/6/1999,0.3702
GISTEMP,3/6/1999,0.34
GCAG,2/6/1999,0.6733
GISTEMP,2/6/1999,0.66
GCAG,1/6/1999,0.5007
GISTEMP,1/6/1999,0.48
GCAG,12/6/1998,0.5796
GISTEMP,12/6/1998,0.56
GCAG,11/6/1998,0.4132
GISTEMP,11/6/1998,0.5
GCAG,10/6/1998,0.4965
GISTEMP,10/6/1998,0.47
GCAG,9/6/1998,0.5271
GISTEMP,9/6/1998,0.45
GCAG,8/6/1998,0.6816
GISTEMP,8/6/1998,0.68
GCAG,7/6/1998,0.7358
GISTEMP,7/6/1998,0.71
GCAG,6/6/1998,0.6657
GISTEMP,6/6/1998,0.78
GCAG,5/6/1998,0.6679
GISTEMP,5/6/1998,0.71
GCAG,4/6/1998,0.7358
GISTEMP,4/6/1998,0.64
GCAG,3/6/1998,0.6396
GISTEMP,3/6/1998,0.63
GCAG,2/6/1998,0.866
GISTEMP,2/6/1998,0.9
GCAG,1/6/1998,0.6042
GISTEMP,1/6/1998,0.61
GCAG,12/6/1997,0.6302
GISTEMP,12/6/1997,0.6
GCAG,11/6/1997,0.5865
GISTEMP,11/6/1997,0.66
GCAG,10/6/1997,0.6487
GISTEMP,10/6/1997,0.64
GCAG,9/6/1997,0.625
GISTEMP,9/6/1997,0.56
GCAG,8/6/1997,0.5491
GISTEMP,8/6/1997,0.43
GCAG,7/6/1997,0.5101
GISTEMP,7/6/1997,0.35
GCAG,6/6/1997,0.5308
GISTEMP,6/6/1997,0.55
GCAG,5/6/1997,0.4235
GISTEMP,5/6/1997,0.39
GCAG,4/6/1997,0.4551
GISTEMP,4/6/1997,0.38
GCAG,3/6/1997,0.4617
GISTEMP,3/6/1997,0.52
GCAG,2/6/1997,0.4288
GISTEMP,2/6/1997,0.37
GCAG,1/6/1997,0.3746
GISTEMP,1/6/1997,0.33
GCAG,12/6/1996,0.3893
GISTEMP,12/6/1996,0.41
GCAG,11/6/1996,0.2816
GISTEMP,11/6/1996,0.42
GCAG,10/6/1996,0.2276
GISTEMP,10/6/1996,0.2
GCAG,9/6/1996,0.2696
GISTEMP,9/6/1996,0.27
GCAG,8/6/1996,0.3206
GISTEMP,8/6/1996,0.49
GCAG,7/6/1996,0.3238
GISTEMP,7/6/1996,0.37
GCAG,6/6/1996,0.3547
GISTEMP,6/6/1996,0.27
GCAG,5/6/1996,0.3908
GISTEMP,5/6/1996,0.3
GCAG,4/6/1996,0.2725
GISTEMP,4/6/1996,0.38
GCAG,3/6/1996,0.3242
GISTEMP,3/6/1996,0.34
GCAG,2/6/1996,0.4562
GISTEMP,2/6/1996,0.5
GCAG,1/6/1996,0.2625
GISTEMP,1/6/1996,0.27
GCAG,12/6/1995,0.3477
GISTEMP,12/6/1995,0.3
GCAG,11/6/1995,0.455
GISTEMP,11/6/1995,0.45
GCAG,10/6/1995,0.4376
GISTEMP,10/6/1995,0.49
GCAG,9/6/1995,0.3865
GISTEMP,9/6/1995,0.34
GCAG,8/6/1995,0.5056
GISTEMP,8/6/1995,0.48
GCAG,7/6/1995,0.4295
GISTEMP,7/6/1995,0.49
GCAG,6/6/1995,0.4657
GISTEMP,6/6/1995,0.45
GCAG,5/6/1995,0.3537
GISTEMP,5/6/1995,0.29
GCAG,4/6/1995,0.4097
GISTEMP,4/6/1995,0.47
GCAG,3/6/1995,0.4637
GISTEMP,3/6/1995,0.45
GCAG,2/6/1995,0.6895
GISTEMP,2/6/1995,0.77
GCAG,1/6/1995,0.5487
GISTEMP,1/6/1995,0.5
GCAG,12/6/1994,0.4009
GISTEMP,12/6/1994,0.36
GCAG,11/6/1994,0.453
GISTEMP,11/6/1994,0.46
GCAG,10/6/1994,0.4273
GISTEMP,10/6/1994,0.42
GCAG,9/6/1994,0.33
GISTEMP,9/6/1994,0.32
GCAG,8/6/1994,0.3119
GISTEMP,8/6/1994,0.23
GCAG,7/6/1994,0.3155
GISTEMP,7/6/1994,0.32
GCAG,6/6/1994,0.387
GISTEMP,6/6/1994,0.42
GCAG,5/6/1994,0.3819
GISTEMP,5/6/1994,0.29
GCAG,4/6/1994,0.3568
GISTEMP,4/6/1994,0.41
GCAG,3/6/1994,0.3568
GISTEMP,3/6/1994,0.26
GCAG,2/6/1994,0.0791
GISTEMP,2/6/1994,0.04
GCAG,1/6/1994,0.2902
GISTEMP,1/6/1994,0.3
GCAG,12/6/1993,0.3188
GISTEMP,12/6/1993,0.19
GCAG,11/6/1993,0.092
GISTEMP,11/6/1993,0.07
GCAG,10/6/1993,0.2442
GISTEMP,10/6/1993,0.24
GCAG,9/6/1993,0.1692
GISTEMP,9/6/1993,0.11
GCAG,8/6/1993,0.2118
GISTEMP,8/6/1993,0.13
GCAG,7/6/1993,0.2336
GISTEMP,7/6/1993,0.28
GCAG,6/6/1993,0.293
GISTEMP,6/6/1993,0.24
GCAG,5/6/1993,0.3438
GISTEMP,5/6/1993,0.26
GCAG,4/6/1993,0.3155
GISTEMP,4/6/1993,0.28
GCAG,3/6/1993,0.4208
GISTEMP,3/6/1993,0.36
GCAG,2/6/1993,0.3967
GISTEMP,2/6/1993,0.39
GCAG,1/6/1993,0.384
GISTEMP,1/6/1993,0.37
GCAG,12/6/1992,0.2833
GISTEMP,12/6/1992,0.22
GCAG,11/6/1992,0.0943
GISTEMP,11/6/1992,0.04
GCAG,10/6/1992,0.1154
GISTEMP,10/6/1992,0.11
GCAG,9/6/1992,0.0588
GISTEMP,9/6/1992,0.01
GCAG,8/6/1992,0.1405
GISTEMP,8/6/1992,0.1
GCAG,7/6/1992,0.1359
GISTEMP,7/6/1992,0.13
GCAG,6/6/1992,0.2821
GISTEMP,6/6/1992,0.24
GCAG,5/6/1992,0.3276
GISTEMP,5/6/1992,0.32
GCAG,4/6/1992,0.2936
GISTEMP,4/6/1992,0.24
GCAG,3/6/1992,0.4333
GISTEMP,3/6/1992,0.47
GCAG,2/6/1992,0.4485
GISTEMP,2/6/1992,0.42
GCAG,1/6/1992,0.4721
GISTEMP,1/6/1992,0.45
GCAG,12/6/1991,0.3064
GISTEMP,12/6/1991,0.33
GCAG,11/6/1991,0.3175
GISTEMP,11/6/1991,0.31
GCAG,10/6/1991,0.3292
GISTEMP,10/6/1991,0.32
GCAG,9/6/1991,0.3863
GISTEMP,9/6/1991,0.5
GCAG,8/6/1991,0.388
GISTEMP,8/6/1991,0.42
GCAG,7/6/1991,0.4462
GISTEMP,7/6/1991,0.51
GCAG,6/6/1991,0.4813
GISTEMP,6/6/1991,0.54
GCAG,5/6/1991,0.4107
GISTEMP,5/6/1991,0.39
GCAG,4/6/1991,0.5168
GISTEMP,4/6/1991,0.53
GCAG,3/6/1991,0.3658
GISTEMP,3/6/1991,0.36
GCAG,2/6/1991,0.4661
GISTEMP,2/6/1991,0.51
GCAG,1/6/1991,0.4512
GISTEMP,1/6/1991,0.42
GCAG,12/6/1990,0.4481
GISTEMP,12/6/1990,0.42
GCAG,11/6/1990,0.4797
GISTEMP,11/6/1990,0.46
GCAG,10/6/1990,0.4277
GISTEMP,10/6/1990,0.43
GCAG,9/6/1990,0.3144
GISTEMP,9/6/1990,0.3
GCAG,8/6/1990,0.3479
GISTEMP,8/6/1990,0.3
GCAG,7/6/1990,0.3453
GISTEMP,7/6/1990,0.44
GCAG,6/6/1990,0.4114
GISTEMP,6/6/1990,0.38
GCAG,5/6/1990,0.4274
GISTEMP,5/6/1990,0.46
GCAG,4/6/1990,0.4907
GISTEMP,4/6/1990,0.55
GCAG,3/6/1990,0.7328
GISTEMP,3/6/1990,0.76
GCAG,2/6/1990,0.4072
GISTEMP,2/6/1990,0.41
GCAG,1/6/1990,0.3613
GISTEMP,1/6/1990,0.41
GCAG,12/6/1989,0.4013
GISTEMP,12/6/1989,0.37
GCAG,11/6/1989,0.2541
GISTEMP,11/6/1989,0.21
GCAG,10/6/1989,0.3044
GISTEMP,10/6/1989,0.32
GCAG,9/6/1989,0.3019
GISTEMP,9/6/1989,0.37
GCAG,8/6/1989,0.3021
GISTEMP,8/6/1989,0.36
GCAG,7/6/1989,0.3016
GISTEMP,7/6/1989,0.34
GCAG,6/6/1989,0.2727
GISTEMP,6/6/1989,0.15
GCAG,5/6/1989,0.2779
GISTEMP,5/6/1989,0.17
GCAG,4/6/1989,0.2891
GISTEMP,4/6/1989,0.33
GCAG,3/6/1989,0.336
GISTEMP,3/6/1989,0.36
GCAG,2/6/1989,0.3072
GISTEMP,2/6/1989,0.35
GCAG,1/6/1989,0.2157
GISTEMP,1/6/1989,0.16
GCAG,12/6/1988,0.3626
GISTEMP,12/6/1988,0.34
GCAG,11/6/1988,0.2291
GISTEMP,11/6/1988,0.13
GCAG,10/6/1988,0.3009
GISTEMP,10/6/1988,0.4
GCAG,9/6/1988,0.3211
GISTEMP,9/6/1988,0.42
GCAG,8/6/1988,0.3199
GISTEMP,8/6/1988,0.46
GCAG,7/6/1988,0.3431
GISTEMP,7/6/1988,0.35
GCAG,6/6/1988,0.3865
GISTEMP,6/6/1988,0.42
GCAG,5/6/1988,0.3811
GISTEMP,5/6/1988,0.44
GCAG,4/6/1988,0.4426
GISTEMP,4/6/1988,0.45
GCAG,3/6/1988,0.4828
GISTEMP,3/6/1988,0.49
GCAG,2/6/1988,0.3901
GISTEMP,2/6/1988,0.42
GCAG,1/6/1988,0.5487
GISTEMP,1/6/1988,0.57
GCAG,12/6/1987,0.5316
GISTEMP,12/6/1987,0.47
GCAG,11/6/1987,0.3306
GISTEMP,11/6/1987,0.25
GCAG,10/6/1987,0.3347
GISTEMP,10/6/1987,0.32
GCAG,9/6/1987,0.4321
GISTEMP,9/6/1987,0.39
GCAG,8/6/1987,0.3832
GISTEMP,8/6/1987,0.28
GCAG,7/6/1987,0.4182
GISTEMP,7/6/1987,0.46
GCAG,6/6/1987,0.3013
GISTEMP,6/6/1987,0.36
GCAG,5/6/1987,0.3339
GISTEMP,5/6/1987,0.26
GCAG,4/6/1987,0.3009
GISTEMP,4/6/1987,0.24
GCAG,3/6/1987,0.2541
GISTEMP,3/6/1987,0.17
GCAG,2/6/1987,0.5028
GISTEMP,2/6/1987,0.46
GCAG,1/6/1987,0.3115
GISTEMP,1/6/1987,0.36
GCAG,12/6/1986,0.2179
GISTEMP,12/6/1986,0.16
GCAG,11/6/1986,0.1548
GISTEMP,11/6/1986,0.11
GCAG,10/6/1986,0.2066
GISTEMP,10/6/1986,0.14
GCAG,9/6/1986,0.1716
GISTEMP,9/6/1986,0.02
GCAG,8/6/1986,0.1698
GISTEMP,8/6/1986,0.12
GCAG,7/6/1986,0.1686
GISTEMP,7/6/1986,0.13
GCAG,6/6/1986,0.2534
GISTEMP,6/6/1986,0.12
GCAG,5/6/1986,0.2507
GISTEMP,5/6/1986,0.26
GCAG,4/6/1986,0.2613
GISTEMP,4/6/1986,0.26
GCAG,3/6/1986,0.2966
GISTEMP,3/6/1986,0.29
GCAG,2/6/1986,0.2788
GISTEMP,2/6/1986,0.39
GCAG,1/6/1986,0.3249
GISTEMP,1/6/1986,0.3
GCAG,12/6/1985,0.1978
GISTEMP,12/6/1985,0.15
GCAG,11/6/1985,0.1181
GISTEMP,11/6/1985,0.09
GCAG,10/6/1985,0.1303
GISTEMP,10/6/1985,0.11
GCAG,9/6/1985,0.101
GISTEMP,9/6/1985,0.14
GCAG,8/6/1985,0.1287
GISTEMP,8/6/1985,0.15
GCAG,7/6/1985,0.0779
GISTEMP,7/6/1985,0
GCAG,6/6/1985,0.129
GISTEMP,6/6/1985,0.17
GCAG,5/6/1985,0.1959
GISTEMP,5/6/1985,0.17
GCAG,4/6/1985,0.1488
GISTEMP,4/6/1985,0.11
GCAG,3/6/1985,0.1875
GISTEMP,3/6/1985,0.17
GCAG,2/6/1985,0.0176
GISTEMP,2/6/1985,-0.06
GCAG,1/6/1985,0.1783
GISTEMP,1/6/1985,0.21
GCAG,12/6/1984,-0.0926
GISTEMP,12/6/1984,-0.06
GCAG,11/6/1984,0.0365
GISTEMP,11/6/1984,0.04
GCAG,10/6/1984,0.1187
GISTEMP,10/6/1984,0.15
GCAG,9/6/1984,0.1431
GISTEMP,9/6/1984,0.2
GCAG,8/6/1984,0.1687
GISTEMP,8/6/1984,0.15
GCAG,7/6/1984,0.1193
GISTEMP,7/6/1984,0.16
GCAG,6/6/1984,0.1306
GISTEMP,6/6/1984,0.04
GCAG,5/6/1984,0.2834
GISTEMP,5/6/1984,0.33
GCAG,4/6/1984,0.1503
GISTEMP,4/6/1984,0.08
GCAG,3/6/1984,0.272
GISTEMP,3/6/1984,0.29
GCAG,2/6/1984,0.1753
GISTEMP,2/6/1984,0.17
GCAG,1/6/1984,0.2831
GISTEMP,1/6/1984,0.3
GCAG,12/6/1983,0.2748
GISTEMP,12/6/1983,0.17
GCAG,11/6/1983,0.4313
GISTEMP,11/6/1983,0.3
GCAG,10/6/1983,0.2113
GISTEMP,10/6/1983,0.15
GCAG,9/6/1983,0.3175
GISTEMP,9/6/1983,0.38
GCAG,8/6/1983,0.3228
GISTEMP,8/6/1983,0.3
GCAG,7/6/1983,0.2663
GISTEMP,7/6/1983,0.15
GCAG,6/6/1983,0.2629
GISTEMP,6/6/1983,0.18
GCAG,5/6/1983,0.2881
GISTEMP,5/6/1983,0.35
GCAG,4/6/1983,0.2918
GISTEMP,4/6/1983,0.3
GCAG,3/6/1983,0.4256
GISTEMP,3/6/1983,0.42
GCAG,2/6/1983,0.4834
GISTEMP,2/6/1983,0.4
GCAG,1/6/1983,0.5169
GISTEMP,1/6/1983,0.52
GCAG,12/6/1982,0.4355
GISTEMP,12/6/1982,0.43
GCAG,11/6/1982,0.151
GISTEMP,11/6/1982,0.14
GCAG,10/6/1982,0.1771
GISTEMP,10/6/1982,0.13
GCAG,9/6/1982,0.233
GISTEMP,9/6/1982,0.15
GCAG,8/6/1982,0.1406
GISTEMP,8/6/1982,0.08
GCAG,7/6/1982,0.1436
GISTEMP,7/6/1982,0.13
GCAG,6/6/1982,0.1231
GISTEMP,6/6/1982,0.05
GCAG,5/6/1982,0.1923
GISTEMP,5/6/1982,0.16
GCAG,4/6/1982,0.2054
GISTEMP,4/6/1982,0.1
GCAG,3/6/1982,0.0833
GISTEMP,3/6/1982,-0.01
GCAG,2/6/1982,0.1593
GISTEMP,2/6/1982,0.14
GCAG,1/6/1982,0.1342
GISTEMP,1/6/1982,0.09
GCAG,12/6/1981,0.42
GISTEMP,12/6/1981,0.4
GCAG,11/6/1981,0.2119
GISTEMP,11/6/1981,0.21
GCAG,10/6/1981,0.1687
GISTEMP,10/6/1981,0.13
GCAG,9/6/1981,0.186
GISTEMP,9/6/1981,0.17
GCAG,8/6/1981,0.2428
GISTEMP,8/6/1981,0.35
GCAG,7/6/1981,0.2268
GISTEMP,7/6/1981,0.35
GCAG,6/6/1981,0.2853
GISTEMP,6/6/1981,0.31
GCAG,5/6/1981,0.262
GISTEMP,5/6/1981,0.25
GCAG,4/6/1981,0.3579
GISTEMP,4/6/1981,0.32
GCAG,3/6/1981,0.4083
GISTEMP,3/6/1981,0.48
GCAG,2/6/1981,0.3629
GISTEMP,2/6/1981,0.41
GCAG,1/6/1981,0.4656
GISTEMP,1/6/1981,0.56
GCAG,12/6/1980,0.2674
GISTEMP,12/6/1980,0.21
GCAG,11/6/1980,0.3319
GISTEMP,11/6/1980,0.3
GCAG,10/6/1980,0.1821
GISTEMP,10/6/1980,0.2
GCAG,9/6/1980,0.2008
GISTEMP,9/6/1980,0.21
GCAG,8/6/1980,0.1957
GISTEMP,8/6/1980,0.24
GCAG,7/6/1980,0.2172
GISTEMP,7/6/1980,0.28
GCAG,6/6/1980,0.2474
GISTEMP,6/6/1980,0.16
GCAG,5/6/1980,0.316
GISTEMP,5/6/1980,0.34
GCAG,4/6/1980,0.3082
GISTEMP,4/6/1980,0.32
GCAG,3/6/1980,0.2389
GISTEMP,3/6/1980,0.29
GCAG,2/6/1980,0.3506
GISTEMP,2/6/1980,0.42
GCAG,1/6/1980,0.308
GISTEMP,1/6/1980,0.3
GCAG,12/6/1979,0.5032
GISTEMP,12/6/1979,0.47
GCAG,11/6/1979,0.2953
GISTEMP,11/6/1979,0.29
GCAG,10/6/1979,0.2945
GISTEMP,10/6/1979,0.26
GCAG,9/6/1979,0.2519
GISTEMP,9/6/1979,0.27
GCAG,8/6/1979,0.2263
GISTEMP,8/6/1979,0.14
GCAG,7/6/1979,0.1746
GISTEMP,7/6/1979,0.03
GCAG,6/6/1979,0.2183
GISTEMP,6/6/1979,0.14
GCAG,5/6/1979,0.1569
GISTEMP,5/6/1979,0.06
GCAG,4/6/1979,0.1112
GISTEMP,4/6/1979,0.13
GCAG,3/6/1979,0.243
GISTEMP,3/6/1979,0.19
GCAG,2/6/1979,0.0922
GISTEMP,2/6/1979,-0.09
GCAG,1/6/1979,0.1602
GISTEMP,1/6/1979,0.14
GCAG,12/6/1978,0.1512
GISTEMP,12/6/1978,0.11
GCAG,11/6/1978,0.2245
GISTEMP,11/6/1978,0.16
GCAG,10/6/1978,0.0646
GISTEMP,10/6/1978,0
GCAG,9/6/1978,0.0748
GISTEMP,9/6/1978,0.05
GCAG,8/6/1978,0.0033
GISTEMP,8/6/1978,-0.18
GCAG,7/6/1978,0.0699
GISTEMP,7/6/1978,0.07
GCAG,6/6/1978,0.0532
GISTEMP,6/6/1978,-0.03
GCAG,5/6/1978,0.0596
GISTEMP,5/6/1978,0.07
GCAG,4/6/1978,0.1324
GISTEMP,4/6/1978,0.15
GCAG,3/6/1978,0.2228
GISTEMP,3/6/1978,0.21
GCAG,2/6/1978,0.1306
GISTEMP,2/6/1978,0.14
GCAG,1/6/1978,0.1606
GISTEMP,1/6/1978,0.08
GCAG,12/6/1977,0.1124
GISTEMP,12/6/1977,0.05
GCAG,11/6/1977,0.2603
GISTEMP,11/6/1977,0.2
GCAG,10/6/1977,0.1189
GISTEMP,10/6/1977,0.04
GCAG,9/6/1977,0.1867
GISTEMP,9/6/1977,0.02
GCAG,8/6/1977,0.1418
GISTEMP,8/6/1977,0.19
GCAG,7/6/1977,0.1737
GISTEMP,7/6/1977,0.23
GCAG,6/6/1977,0.2474
GISTEMP,6/6/1977,0.25
GCAG,5/6/1977,0.2368
GISTEMP,5/6/1977,0.3
GCAG,4/6/1977,0.282
GISTEMP,4/6/1977,0.27
GCAG,3/6/1977,0.3109
GISTEMP,3/6/1977,0.25
GCAG,2/6/1977,0.2384
GISTEMP,2/6/1977,0.2
GCAG,1/6/1977,0.0639
GISTEMP,1/6/1977,0.18
GCAG,12/6/1976,0.0906
GISTEMP,12/6/1976,0.09
GCAG,11/6/1976,-0.0432
GISTEMP,11/6/1976,-0.06
GCAG,10/6/1976,-0.1821
GISTEMP,10/6/1976,-0.26
GCAG,9/6/1976,-0.0426
GISTEMP,9/6/1976,-0.09
GCAG,8/6/1976,-0.0894
GISTEMP,8/6/1976,-0.18
GCAG,7/6/1976,-0.0846
GISTEMP,7/6/1976,-0.12
GCAG,6/6/1976,-0.074
GISTEMP,6/6/1976,-0.15
GCAG,5/6/1976,-0.1228
GISTEMP,5/6/1976,-0.23
GCAG,4/6/1976,-0.0223
GISTEMP,4/6/1976,-0.1
GCAG,3/6/1976,-0.2394
GISTEMP,3/6/1976,-0.21
GCAG,2/6/1976,-0.1221
GISTEMP,2/6/1976,-0.06
GCAG,1/6/1976,-0.0181
GISTEMP,1/6/1976,0
GCAG,12/6/1975,-0.0895
GISTEMP,12/6/1975,-0.17
GCAG,11/6/1975,-0.145
GISTEMP,11/6/1975,-0.16
GCAG,10/6/1975,-0.1236
GISTEMP,10/6/1975,-0.09
GCAG,9/6/1975,0.017
GISTEMP,9/6/1975,-0.03
GCAG,8/6/1975,-0.0671
GISTEMP,8/6/1975,-0.2
GCAG,7/6/1975,0.0055
GISTEMP,7/6/1975,-0.03
GCAG,6/6/1975,0.0342
GISTEMP,6/6/1975,-0.02
GCAG,5/6/1975,0.0693
GISTEMP,5/6/1975,0.16
GCAG,4/6/1975,0.0779
GISTEMP,4/6/1975,0.06
GCAG,3/6/1975,0.1096
GISTEMP,3/6/1975,0.14
GCAG,2/6/1975,0.0326
GISTEMP,2/6/1975,0.07
GCAG,1/6/1975,0.1201
GISTEMP,1/6/1975,0.07
GCAG,12/6/1974,-0.0976
GISTEMP,12/6/1974,-0.09
GCAG,11/6/1974,-0.0671
GISTEMP,11/6/1974,-0.07
GCAG,10/6/1974,-0.0831
GISTEMP,10/6/1974,-0.07
GCAG,9/6/1974,-0.0428
GISTEMP,9/6/1974,-0.12
GCAG,8/6/1974,0.0131
GISTEMP,8/6/1974,0.12
GCAG,7/6/1974,0.0195
GISTEMP,7/6/1974,-0.03
GCAG,6/6/1974,-0.0375
GISTEMP,6/6/1974,-0.05
GCAG,5/6/1974,-0.0246
GISTEMP,5/6/1974,-0.01
GCAG,4/6/1974,-0.042
GISTEMP,4/6/1974,-0.1
GCAG,3/6/1974,-0.0509
GISTEMP,3/6/1974,-0.05
GCAG,2/6/1974,-0.2548
GISTEMP,2/6/1974,-0.28
GCAG,1/6/1974,-0.1953
GISTEMP,1/6/1974,-0.14
GCAG,12/6/1973,0.0277
GISTEMP,12/6/1973,-0.06
GCAG,11/6/1973,0.022
GISTEMP,11/6/1973,0.06
GCAG,10/6/1973,0.0446
GISTEMP,10/6/1973,0.12
GCAG,9/6/1973,0.0563
GISTEMP,9/6/1973,0.06
GCAG,8/6/1973,0.0774
GISTEMP,8/6/1973,0.02
GCAG,7/6/1973,0.1163
GISTEMP,7/6/1973,0.09
GCAG,6/6/1973,0.1972
GISTEMP,6/6/1973,0.16
GCAG,5/6/1973,0.2152
GISTEMP,5/6/1973,0.26
GCAG,4/6/1973,0.2502
GISTEMP,4/6/1973,0.25
GCAG,3/6/1973,0.3305
GISTEMP,3/6/1973,0.26
GCAG,2/6/1973,0.3722
GISTEMP,2/6/1973,0.3
GCAG,1/6/1973,0.259
GISTEMP,1/6/1973,0.28
GCAG,12/6/1972,0.2529
GISTEMP,12/6/1972,0.18
GCAG,11/6/1972,0.0799
GISTEMP,11/6/1972,0.03
GCAG,10/6/1972,0.0891
GISTEMP,10/6/1972,0.09
GCAG,9/6/1972,0.0207
GISTEMP,9/6/1972,0.03
GCAG,8/6/1972,0.0863
GISTEMP,8/6/1972,0.18
GCAG,7/6/1972,0.0639
GISTEMP,7/6/1972,0.02
GCAG,6/6/1972,0.0765
GISTEMP,6/6/1972,0.04
GCAG,5/6/1972,0.0147
GISTEMP,5/6/1972,-0.03
GCAG,4/6/1972,0.0357
GISTEMP,4/6/1972,-0.01
GCAG,3/6/1972,0.0014
GISTEMP,3/6/1972,0.02
GCAG,2/6/1972,-0.1624
GISTEMP,2/6/1972,-0.17
GCAG,1/6/1972,-0.2415
GISTEMP,1/6/1972,-0.24
GCAG,12/6/1971,-0.0198
GISTEMP,12/6/1971,-0.08
GCAG,11/6/1971,0.0363
GISTEMP,11/6/1971,-0.04
GCAG,10/6/1971,-0.0763
GISTEMP,10/6/1971,-0.05
GCAG,9/6/1971,-0.0443
GISTEMP,9/6/1971,-0.01
GCAG,8/6/1971,-0.0688
GISTEMP,8/6/1971,-0.03
GCAG,7/6/1971,-0.063
GISTEMP,7/6/1971,-0.12
GCAG,6/6/1971,-0.1243
GISTEMP,6/6/1971,-0.18
GCAG,5/6/1971,-0.0899
GISTEMP,5/6/1971,-0.06
GCAG,4/6/1971,-0.1299
GISTEMP,4/6/1971,-0.09
GCAG,3/6/1971,-0.1412
GISTEMP,3/6/1971,-0.18
GCAG,2/6/1971,-0.2144
GISTEMP,2/6/1971,-0.2
GCAG,1/6/1971,-0.0045
GISTEMP,1/6/1971,-0.02
GCAG,12/6/1970,-0.0954
GISTEMP,12/6/1970,-0.13
GCAG,11/6/1970,0.0226
GISTEMP,11/6/1970,0.01
GCAG,10/6/1970,-0.0367
GISTEMP,10/6/1970,0.05
GCAG,9/6/1970,0.0077
GISTEMP,9/6/1970,0.11
GCAG,8/6/1970,-0.0198
GISTEMP,8/6/1970,-0.11
GCAG,7/6/1970,-0.0218
GISTEMP,7/6/1970,-0.04
GCAG,6/6/1970,0.0295
GISTEMP,6/6/1970,-0.03
GCAG,5/6/1970,0.0414
GISTEMP,5/6/1970,-0.05
GCAG,4/6/1970,0.131
GISTEMP,4/6/1970,0.09
GCAG,3/6/1970,0.0317
GISTEMP,3/6/1970,0.08
GCAG,2/6/1970,0.2353
GISTEMP,2/6/1970,0.22
GCAG,1/6/1970,0.1214
GISTEMP,1/6/1970,0.09
GCAG,12/6/1969,0.2468
GISTEMP,12/6/1969,0.27
GCAG,11/6/1969,0.1896
GISTEMP,11/6/1969,0.12
GCAG,10/6/1969,0.0713
GISTEMP,10/6/1969,0.11
GCAG,9/6/1969,0.0843
GISTEMP,9/6/1969,0.1
GCAG,8/6/1969,0.0954
GISTEMP,8/6/1969,0.03
GCAG,7/6/1969,0.0933
GISTEMP,7/6/1969,-0.01
GCAG,6/6/1969,0.0766
GISTEMP,6/6/1969,0.05
GCAG,5/6/1969,0.1756
GISTEMP,5/6/1969,0.2
GCAG,4/6/1969,0.1935
GISTEMP,4/6/1969,0.19
GCAG,3/6/1969,0.1222
GISTEMP,3/6/1969,0
GCAG,2/6/1969,-0.1038
GISTEMP,2/6/1969,-0.14
GCAG,1/6/1969,-0.1295
GISTEMP,1/6/1969,-0.11
GCAG,12/6/1968,-0.0431
GISTEMP,12/6/1968,-0.14
GCAG,11/6/1968,0.0156
GISTEMP,11/6/1968,-0.04
GCAG,10/6/1968,0.0471
GISTEMP,10/6/1968,0.12
GCAG,9/6/1968,-0.0112
GISTEMP,9/6/1968,-0.18
GCAG,8/6/1968,-0.0143
GISTEMP,8/6/1968,-0.11
GCAG,7/6/1968,-0.0197
GISTEMP,7/6/1968,-0.11
GCAG,6/6/1968,-0.0161
GISTEMP,6/6/1968,-0.06
GCAG,5/6/1968,-0.0803
GISTEMP,5/6/1968,-0.1
GCAG,4/6/1968,-0.0703
GISTEMP,4/6/1968,-0.05
GCAG,3/6/1968,0.1508
GISTEMP,3/6/1968,0.21
GCAG,2/6/1968,-0.1266
GISTEMP,2/6/1968,-0.15
GCAG,1/6/1968,-0.1865
GISTEMP,1/6/1968,-0.23
GCAG,12/6/1967,-0.04
GISTEMP,12/6/1967,-0.02
GCAG,11/6/1967,-0.0212
GISTEMP,11/6/1967,-0.06
GCAG,10/6/1967,0.1288
GISTEMP,10/6/1967,0.06
GCAG,9/6/1967,-0.0317
GISTEMP,9/6/1967,-0.04
GCAG,8/6/1967,-0.0055
GISTEMP,8/6/1967,0.02
GCAG,7/6/1967,-0.0177
GISTEMP,7/6/1967,0.01
GCAG,6/6/1967,-0.0299
GISTEMP,6/6/1967,-0.08
GCAG,5/6/1967,0.1243
GISTEMP,5/6/1967,0.14
GCAG,4/6/1967,0.0056
GISTEMP,4/6/1967,-0.05
GCAG,3/6/1967,0.0029
GISTEMP,3/6/1967,0.03
GCAG,2/6/1967,-0.1656
GISTEMP,2/6/1967,-0.2
GCAG,1/6/1967,-0.1068
GISTEMP,1/6/1967,-0.06
GCAG,12/6/1966,-0.1244
GISTEMP,12/6/1966,-0.06
GCAG,11/6/1966,-0.0465
GISTEMP,11/6/1966,-0.02
GCAG,10/6/1966,-0.0592
GISTEMP,10/6/1966,-0.15
GCAG,9/6/1966,0.0261
GISTEMP,9/6/1966,-0.01
GCAG,8/6/1966,0.0191
GISTEMP,8/6/1966,-0.1
GCAG,7/6/1966,0.0667
GISTEMP,7/6/1966,0.09
GCAG,6/6/1966,0.0577
GISTEMP,6/6/1966,0.02
GCAG,5/6/1966,-0.0359
GISTEMP,5/6/1966,-0.1
GCAG,4/6/1966,-0.0908
GISTEMP,4/6/1966,-0.13
GCAG,3/6/1966,-0.0025
GISTEMP,3/6/1966,0.04
GCAG,2/6/1966,-0.0373
GISTEMP,2/6/1966,0
GCAG,1/6/1966,-0.0458
GISTEMP,1/6/1966,-0.16
GCAG,12/6/1965,-0.0124
GISTEMP,12/6/1965,-0.05
GCAG,11/6/1965,-0.09
GISTEMP,11/6/1965,-0.06
GCAG,10/6/1965,0.0238
GISTEMP,10/6/1965,-0.04
GCAG,9/6/1965,-0.0503
GISTEMP,9/6/1965,-0.15
GCAG,8/6/1965,-0.0464
GISTEMP,8/6/1965,-0.01
GCAG,7/6/1965,-0.0841
GISTEMP,7/6/1965,-0.12
GCAG,6/6/1965,-0.0434
GISTEMP,6/6/1965,-0.08
GCAG,5/6/1965,-0.0787
GISTEMP,5/6/1965,-0.14
GCAG,4/6/1965,-0.1875
GISTEMP,4/6/1965,-0.2
GCAG,3/6/1965,-0.1005
GISTEMP,3/6/1965,-0.11
GCAG,2/6/1965,-0.1966
GISTEMP,2/6/1965,-0.17
GCAG,1/6/1965,-0.0699
GISTEMP,1/6/1965,-0.09
GCAG,12/6/1964,-0.2651
GISTEMP,12/6/1964,-0.3
GCAG,11/6/1964,-0.2017
GISTEMP,11/6/1964,-0.21
GCAG,10/6/1964,-0.2665
GISTEMP,10/6/1964,-0.3
GCAG,9/6/1964,-0.2093
GISTEMP,9/6/1964,-0.28
GCAG,8/6/1964,-0.1669
GISTEMP,8/6/1964,-0.2
GCAG,7/6/1964,-0.1111
GISTEMP,7/6/1964,-0.07
GCAG,6/6/1964,-0.0931
GISTEMP,6/6/1964,-0.07
GCAG,5/6/1964,-0.098
GISTEMP,5/6/1964,-0.25
GCAG,4/6/1964,-0.1847
GISTEMP,4/6/1964,-0.3
GCAG,3/6/1964,-0.1421
GISTEMP,3/6/1964,-0.22
GCAG,2/6/1964,-0.1048
GISTEMP,2/6/1964,-0.12
GCAG,1/6/1964,0.0488
GISTEMP,1/6/1964,-0.06
GCAG,12/6/1963,0.0812
GISTEMP,12/6/1963,0
GCAG,11/6/1963,0.1947
GISTEMP,11/6/1963,0.15
GCAG,10/6/1963,0.2148
GISTEMP,10/6/1963,0.15
GCAG,9/6/1963,0.1629
GISTEMP,9/6/1963,0.2
GCAG,8/6/1963,0.1579
GISTEMP,8/6/1963,0.25
GCAG,7/6/1963,0.1382
GISTEMP,7/6/1963,0.08
GCAG,6/6/1963,0.0499
GISTEMP,6/6/1963,0.03
GCAG,5/6/1963,0.013
GISTEMP,5/6/1963,-0.09
GCAG,4/6/1963,-0.0041
GISTEMP,4/6/1963,-0.05
GCAG,3/6/1963,-0.0216
GISTEMP,3/6/1963,-0.13
GCAG,2/6/1963,0.2566
GISTEMP,2/6/1963,0.19
GCAG,1/6/1963,0.0376
GISTEMP,1/6/1963,-0.03
GCAG,12/6/1962,0.0881
GISTEMP,12/6/1962,-0.01
GCAG,11/6/1962,0.0745
GISTEMP,11/6/1962,0.06
GCAG,10/6/1962,0.0796
GISTEMP,10/6/1962,-0.03
GCAG,9/6/1962,0.0606
GISTEMP,9/6/1962,-0.01
GCAG,8/6/1962,0.0552
GISTEMP,8/6/1962,-0.02
GCAG,7/6/1962,0.0905
GISTEMP,7/6/1962,-0.02
GCAG,6/6/1962,0.0574
GISTEMP,6/6/1962,0.06
GCAG,5/6/1962,0.0589
GISTEMP,5/6/1962,-0.06
GCAG,4/6/1962,0.0763
GISTEMP,4/6/1962,0.05
GCAG,3/6/1962,0.1197
GISTEMP,3/6/1962,0.12
GCAG,2/6/1962,0.1698
GISTEMP,2/6/1962,0.14
GCAG,1/6/1962,0.1345
GISTEMP,1/6/1962,0.08
GCAG,12/6/1961,-0.0171
GISTEMP,12/6/1961,-0.15
GCAG,11/6/1961,0.016
GISTEMP,11/6/1961,0.03
GCAG,10/6/1961,-0.035
GISTEMP,10/6/1961,0
GCAG,9/6/1961,-0.0041
GISTEMP,9/6/1961,0.05
GCAG,8/6/1961,0.032
GISTEMP,8/6/1961,0.02
GCAG,7/6/1961,0.035
GISTEMP,7/6/1961,-0.03
GCAG,6/6/1961,0.1479
GISTEMP,6/6/1961,0.12
GCAG,5/6/1961,0.1614
GISTEMP,5/6/1961,0.13
GCAG,4/6/1961,0.1335
GISTEMP,4/6/1961,0.15
GCAG,3/6/1961,0.1646
GISTEMP,3/6/1961,0.09
GCAG,2/6/1961,0.1768
GISTEMP,2/6/1961,0.18
GCAG,1/6/1961,0.1188
GISTEMP,1/6/1961,0.07
GCAG,12/6/1960,0.2278
GISTEMP,12/6/1960,0.18
GCAG,11/6/1960,-0.0484
GISTEMP,11/6/1960,-0.11
GCAG,10/6/1960,0.039
GISTEMP,10/6/1960,0.07
GCAG,9/6/1960,0.0638
GISTEMP,9/6/1960,0.05
GCAG,8/6/1960,0.0461
GISTEMP,8/6/1960,-0.01
GCAG,7/6/1960,0.0339
GISTEMP,7/6/1960,-0.02
GCAG,6/6/1960,0.0772
GISTEMP,6/6/1960,0.01
GCAG,5/6/1960,-0.0841
GISTEMP,5/6/1960,-0.08
GCAG,4/6/1960,-0.0954
GISTEMP,4/6/1960,-0.16
GCAG,3/6/1960,-0.2041
GISTEMP,3/6/1960,-0.36
GCAG,2/6/1960,0.1858
GISTEMP,2/6/1960,0.14
GCAG,1/6/1960,0.0032
GISTEMP,1/6/1960,-0.01
GCAG,12/6/1959,-0.0343
GISTEMP,12/6/1959,-0.03
GCAG,11/6/1959,-0.079
GISTEMP,11/6/1959,-0.09
GCAG,10/6/1959,-0.0137
GISTEMP,10/6/1959,-0.09
GCAG,9/6/1959,0.097
GISTEMP,9/6/1959,-0.06
GCAG,8/6/1959,0.0516
GISTEMP,8/6/1959,-0.01
GCAG,7/6/1959,0.0671
GISTEMP,7/6/1959,0.06
GCAG,6/6/1959,0.0849
GISTEMP,6/6/1959,0.02
GCAG,5/6/1959,0.0263
GISTEMP,5/6/1959,0.06
GCAG,4/6/1959,0.118
GISTEMP,4/6/1959,0.16
GCAG,3/6/1959,0.2041
GISTEMP,3/6/1959,0.19
GCAG,2/6/1959,0.0682
GISTEMP,2/6/1959,0.09
GCAG,1/6/1959,0.125
GISTEMP,1/6/1959,0.06
GCAG,12/6/1958,0.1452
GISTEMP,12/6/1958,0.01
GCAG,11/6/1958,0.0896
GISTEMP,11/6/1958,0.02
GCAG,10/6/1958,0.0405
GISTEMP,10/6/1958,0.04
GCAG,9/6/1958,0.0186
GISTEMP,9/6/1958,-0.03
GCAG,8/6/1958,0.0528
GISTEMP,8/6/1958,-0.06
GCAG,7/6/1958,0.0649
GISTEMP,7/6/1958,0.06
GCAG,6/6/1958,0.0624
GISTEMP,6/6/1958,-0.05
GCAG,5/6/1958,0.1007
GISTEMP,5/6/1958,0.08
GCAG,4/6/1958,0.114
GISTEMP,4/6/1958,0.01
GCAG,3/6/1958,0.1181
GISTEMP,3/6/1958,0.1
GCAG,2/6/1958,0.2103
GISTEMP,2/6/1958,0.24
GCAG,1/6/1958,0.2964
GISTEMP,1/6/1958,0.39
GCAG,12/6/1957,0.229
GISTEMP,12/6/1957,0.16
GCAG,11/6/1957,0.1282
GISTEMP,11/6/1957,0.07
GCAG,10/6/1957,0.0143
GISTEMP,10/6/1957,0.01
GCAG,9/6/1957,0.0748
GISTEMP,9/6/1957,0.06
GCAG,8/6/1957,0.1302
GISTEMP,8/6/1957,0.14
GCAG,7/6/1957,0.0596
GISTEMP,7/6/1957,0.01
GCAG,6/6/1957,0.1577
GISTEMP,6/6/1957,0.16
GCAG,5/6/1957,0.1092
GISTEMP,5/6/1957,0.08
GCAG,4/6/1957,-0.0193
GISTEMP,4/6/1957,-0.04
GCAG,3/6/1957,-0.068
GISTEMP,3/6/1957,-0.05
GCAG,2/6/1957,-0.1118
GISTEMP,2/6/1957,-0.05
GCAG,1/6/1957,-0.1178
GISTEMP,1/6/1957,-0.14
GCAG,12/6/1956,-0.153
GISTEMP,12/6/1956,-0.1
GCAG,11/6/1956,-0.1564
GISTEMP,11/6/1956,-0.17
GCAG,10/6/1956,-0.1989
GISTEMP,10/6/1956,-0.24
GCAG,9/6/1956,-0.252
GISTEMP,9/6/1956,-0.22
GCAG,8/6/1956,-0.1866
GISTEMP,8/6/1956,-0.25
GCAG,7/6/1956,-0.1346
GISTEMP,7/6/1956,-0.12
GCAG,6/6/1956,-0.1437
GISTEMP,6/6/1956,-0.15
GCAG,5/6/1956,-0.2275
GISTEMP,5/6/1956,-0.28
GCAG,4/6/1956,-0.2846
GISTEMP,4/6/1956,-0.26
GCAG,3/6/1956,-0.2003
GISTEMP,3/6/1956,-0.23
GCAG,2/6/1956,-0.2732
GISTEMP,2/6/1956,-0.25
GCAG,1/6/1956,-0.1773
GISTEMP,1/6/1956,-0.17
GCAG,12/6/1955,-0.2706
GISTEMP,12/6/1955,-0.32
GCAG,11/6/1955,-0.2373
GISTEMP,11/6/1955,-0.28
GCAG,10/6/1955,-0.1232
GISTEMP,10/6/1955,-0.05
GCAG,9/6/1955,-0.0923
GISTEMP,9/6/1955,-0.13
GCAG,8/6/1955,-0.0262
GISTEMP,8/6/1955,0.04
GCAG,7/6/1955,-0.0881
GISTEMP,7/6/1955,-0.09
GCAG,6/6/1955,-0.0695
GISTEMP,6/6/1955,-0.08
GCAG,5/6/1955,-0.1274
GISTEMP,5/6/1955,-0.2
GCAG,4/6/1955,-0.2383
GISTEMP,4/6/1955,-0.23
GCAG,3/6/1955,-0.3091
GISTEMP,3/6/1955,-0.36
GCAG,2/6/1955,-0.1303
GISTEMP,2/6/1955,-0.21
GCAG,1/6/1955,0.0879
GISTEMP,1/6/1955,0.11
GCAG,12/6/1954,-0.1859
GISTEMP,12/6/1954,-0.18
GCAG,11/6/1954,0.039
GISTEMP,11/6/1954,0.08
GCAG,10/6/1954,-0.0694
GISTEMP,10/6/1954,-0.01
GCAG,9/6/1954,-0.0595
GISTEMP,9/6/1954,-0.07
GCAG,8/6/1954,-0.0913
GISTEMP,8/6/1954,-0.13
GCAG,7/6/1954,-0.1229
GISTEMP,7/6/1954,-0.16
GCAG,6/6/1954,-0.1161
GISTEMP,6/6/1954,-0.16
GCAG,5/6/1954,-0.202
GISTEMP,5/6/1954,-0.2
GCAG,4/6/1954,-0.1766
GISTEMP,4/6/1954,-0.18
GCAG,3/6/1954,-0.091
GISTEMP,3/6/1954,-0.12
GCAG,2/6/1954,-0.0865
GISTEMP,2/6/1954,-0.1
GCAG,1/6/1954,-0.2352
GISTEMP,1/6/1954,-0.28
GCAG,12/6/1953,0.0555
GISTEMP,12/6/1953,0.03
GCAG,11/6/1953,-0.0621
GISTEMP,11/6/1953,-0.05
GCAG,10/6/1953,0.0723
GISTEMP,10/6/1953,0.05
GCAG,9/6/1953,0.0632
GISTEMP,9/6/1953,0.06
GCAG,8/6/1953,0.0812
GISTEMP,8/6/1953,0.08
GCAG,7/6/1953,0.0662
GISTEMP,7/6/1953,0.02
GCAG,6/6/1953,0.124
GISTEMP,6/6/1953,0.08
GCAG,5/6/1953,0.144
GISTEMP,5/6/1953,0.08
GCAG,4/6/1953,0.1873
GISTEMP,4/6/1953,0.2
GCAG,3/6/1953,0.1539
GISTEMP,3/6/1953,0.11
GCAG,2/6/1953,0.1534
GISTEMP,2/6/1953,0.16
GCAG,1/6/1953,0.1037
GISTEMP,1/6/1953,0.09
GCAG,12/6/1952,-0.008
GISTEMP,12/6/1952,-0.02
GCAG,11/6/1952,-0.1975
GISTEMP,11/6/1952,-0.17
GCAG,10/6/1952,-0.0366
GISTEMP,10/6/1952,-0.04
GCAG,9/6/1952,0.0653
GISTEMP,9/6/1952,0.08
GCAG,8/6/1952,0.0647
GISTEMP,8/6/1952,0.07
GCAG,7/6/1952,0.0735
GISTEMP,7/6/1952,0.05
GCAG,6/6/1952,0.0396
GISTEMP,6/6/1952,-0.04
GCAG,5/6/1952,0.034
GISTEMP,5/6/1952,-0.05
GCAG,4/6/1952,0.0666
GISTEMP,4/6/1952,0.02
GCAG,3/6/1952,-0.048
GISTEMP,3/6/1952,-0.1
GCAG,2/6/1952,0.0921
GISTEMP,2/6/1952,0.12
GCAG,1/6/1952,0.152
GISTEMP,1/6/1952,0.16
GCAG,12/6/1951,0.2148
GISTEMP,12/6/1951,0.15
GCAG,11/6/1951,0.026
GISTEMP,11/6/1951,0
GCAG,10/6/1951,0.1081
GISTEMP,10/6/1951,0.06
GCAG,9/6/1951,0.1322
GISTEMP,9/6/1951,0.07
GCAG,8/6/1951,0.113
GISTEMP,8/6/1951,0.05
GCAG,7/6/1951,0.1101
GISTEMP,7/6/1951,0
GCAG,6/6/1951,0.0381
GISTEMP,6/6/1951,-0.05
GCAG,5/6/1951,0.0569
GISTEMP,5/6/1951,-0.02
GCAG,4/6/1951,-0.0877
GISTEMP,4/6/1951,-0.1
GCAG,3/6/1951,-0.1689
GISTEMP,3/6/1951,-0.19
GCAG,2/6/1951,-0.4101
GISTEMP,2/6/1951,-0.44
GCAG,1/6/1951,-0.2903
GISTEMP,1/6/1951,-0.35
GCAG,12/6/1950,-0.181
GISTEMP,12/6/1950,-0.2
GCAG,11/6/1950,-0.3605
GISTEMP,11/6/1950,-0.35
GCAG,10/6/1950,-0.1661
GISTEMP,10/6/1950,-0.2
GCAG,9/6/1950,-0.1049
GISTEMP,9/6/1950,-0.1
GCAG,8/6/1950,-0.1382
GISTEMP,8/6/1950,-0.18
GCAG,7/6/1950,-0.1053
GISTEMP,7/6/1950,-0.09
GCAG,6/6/1950,-0.0559
GISTEMP,6/6/1950,-0.06
GCAG,5/6/1950,-0.0536
GISTEMP,5/6/1950,-0.12
GCAG,4/6/1950,-0.1706
GISTEMP,4/6/1950,-0.21
GCAG,3/6/1950,-0.0868
GISTEMP,3/6/1950,-0.06
GCAG,2/6/1950,-0.2389
GISTEMP,2/6/1950,-0.26
GCAG,1/6/1950,-0.2777
GISTEMP,1/6/1950,-0.3
GCAG,12/6/1949,-0.1821
GISTEMP,12/6/1949,-0.19
GCAG,11/6/1949,-0.0534
GISTEMP,11/6/1949,-0.08
GCAG,10/6/1949,-0.0297
GISTEMP,10/6/1949,-0.03
GCAG,9/6/1949,-0.0701
GISTEMP,9/6/1949,-0.08
GCAG,8/6/1949,-0.0217
GISTEMP,8/6/1949,-0.08
GCAG,7/6/1949,-0.077
GISTEMP,7/6/1949,-0.13
GCAG,6/6/1949,-0.1486
GISTEMP,6/6/1949,-0.22
GCAG,5/6/1949,-0.0063
GISTEMP,5/6/1949,-0.09
GCAG,4/6/1949,0.0076
GISTEMP,4/6/1949,-0.07
GCAG,3/6/1949,-0.0732
GISTEMP,3/6/1949,-0.01
GCAG,2/6/1949,-0.1476
GISTEMP,2/6/1949,-0.16
GCAG,1/6/1949,0.1209
GISTEMP,1/6/1949,0.09
GCAG,12/6/1948,-0.1121
GISTEMP,12/6/1948,-0.23
GCAG,11/6/1948,-0.056
GISTEMP,11/6/1948,-0.08
GCAG,10/6/1948,-0.065
GISTEMP,10/6/1948,-0.07
GCAG,9/6/1948,-0.1032
GISTEMP,9/6/1948,-0.1
GCAG,8/6/1948,-0.0282
GISTEMP,8/6/1948,-0.1
GCAG,7/6/1948,-0.0622
GISTEMP,7/6/1948,-0.13
GCAG,6/6/1948,-0.015
GISTEMP,6/6/1948,-0.05
GCAG,5/6/1948,0.1427
GISTEMP,5/6/1948,0.08
GCAG,4/6/1948,-0.0646
GISTEMP,4/6/1948,-0.09
GCAG,3/6/1948,-0.1841
GISTEMP,3/6/1948,-0.23
GCAG,2/6/1948,-0.0906
GISTEMP,2/6/1948,-0.13
GCAG,1/6/1948,0.0535
GISTEMP,1/6/1948,0.05
GCAG,12/6/1947,-0.1463
GISTEMP,12/6/1947,-0.18
GCAG,11/6/1947,-0.0238
GISTEMP,11/6/1947,-0.01
GCAG,10/6/1947,0.0549
GISTEMP,10/6/1947,0.06
GCAG,9/6/1947,-0.1306
GISTEMP,9/6/1947,-0.14
GCAG,8/6/1947,-0.0623
GISTEMP,8/6/1947,-0.08
GCAG,7/6/1947,-0.0138
GISTEMP,7/6/1947,-0.06
GCAG,6/6/1947,0.0208
GISTEMP,6/6/1947,0
GCAG,5/6/1947,-0.019
GISTEMP,5/6/1947,-0.06
GCAG,4/6/1947,0.0143
GISTEMP,4/6/1947,0.04
GCAG,3/6/1947,-0.0079
GISTEMP,3/6/1947,0.05
GCAG,2/6/1947,-0.0774
GISTEMP,2/6/1947,-0.08
GCAG,1/6/1947,-0.1816
GISTEMP,1/6/1947,-0.13
GCAG,12/6/1946,-0.2636
GISTEMP,12/6/1946,-0.29
GCAG,11/6/1946,-0.0119
GISTEMP,11/6/1946,-0.02
GCAG,10/6/1946,-0.0057
GISTEMP,10/6/1946,-0.06
GCAG,9/6/1946,-0.0164
GISTEMP,9/6/1946,-0.02
GCAG,8/6/1946,-0.0697
GISTEMP,8/6/1946,-0.08
GCAG,7/6/1946,-0.0367
GISTEMP,7/6/1946,-0.09
GCAG,6/6/1946,-0.1016
GISTEMP,6/6/1946,-0.17
GCAG,5/6/1946,-0.0298
GISTEMP,5/6/1946,-0.04
GCAG,4/6/1946,0.1768
GISTEMP,4/6/1946,0.11
GCAG,3/6/1946,0.0005
GISTEMP,3/6/1946,0
GCAG,2/6/1946,0.0888
GISTEMP,2/6/1946,0.06
GCAG,1/6/1946,0.2209
GISTEMP,1/6/1946,0.15
GCAG,12/6/1945,-0.0475
GISTEMP,12/6/1945,-0.1
GCAG,11/6/1945,0.1955
GISTEMP,11/6/1945,0.1
GCAG,10/6/1945,0.2569
GISTEMP,10/6/1945,0.22
GCAG,9/6/1945,0.2578
GISTEMP,9/6/1945,0.22
GCAG,8/6/1945,0.3546
GISTEMP,8/6/1945,0.25
GCAG,7/6/1945,0.1652
GISTEMP,7/6/1945,0.07
GCAG,6/6/1945,0.1413
GISTEMP,6/6/1945,0.02
GCAG,5/6/1945,0.1761
GISTEMP,5/6/1945,0.1
GCAG,4/6/1945,0.2764
GISTEMP,4/6/1945,0.24
GCAG,3/6/1945,0.1072
GISTEMP,3/6/1945,0.11
GCAG,2/6/1945,0.0149
GISTEMP,2/6/1945,0.02
GCAG,1/6/1945,0.1535
GISTEMP,1/6/1945,0.13
GCAG,12/6/1944,0.0951
GISTEMP,12/6/1944,0.05
GCAG,11/6/1944,0.1518
GISTEMP,11/6/1944,0.12
GCAG,10/6/1944,0.323
GISTEMP,10/6/1944,0.27
GCAG,9/6/1944,0.3855
GISTEMP,9/6/1944,0.31
GCAG,8/6/1944,0.2804
GISTEMP,8/6/1944,0.23
GCAG,7/6/1944,0.3145
GISTEMP,7/6/1944,0.23
GCAG,6/6/1944,0.3348
GISTEMP,6/6/1944,0.22
GCAG,5/6/1944,0.2618
GISTEMP,5/6/1944,0.26
GCAG,4/6/1944,0.2718
GISTEMP,4/6/1944,0.27
GCAG,3/6/1944,0.3676
GISTEMP,3/6/1944,0.34
GCAG,2/6/1944,0.3032
GISTEMP,2/6/1944,0.31
GCAG,1/6/1944,0.4241
GISTEMP,1/6/1944,0.41
GCAG,12/6/1943,0.3539
GISTEMP,12/6/1943,0.28
GCAG,11/6/1943,0.2459
GISTEMP,11/6/1943,0.25
GCAG,10/6/1943,0.3095
GISTEMP,10/6/1943,0.3
GCAG,9/6/1943,0.1425
GISTEMP,9/6/1943,0.11
GCAG,8/6/1943,0.0992
GISTEMP,8/6/1943,0.03
GCAG,7/6/1943,0.183
GISTEMP,7/6/1943,0.14
GCAG,6/6/1943,0.0245
GISTEMP,6/6/1943,-0.01
GCAG,5/6/1943,0.1326
GISTEMP,5/6/1943,0.1
GCAG,4/6/1943,0.1726
GISTEMP,4/6/1943,0.13
GCAG,3/6/1943,0.0762
GISTEMP,3/6/1943,0.01
GCAG,2/6/1943,0.1683
GISTEMP,2/6/1943,0.22
GCAG,1/6/1943,-0.0241
GISTEMP,1/6/1943,-0.01
GCAG,12/6/1942,0.1515
GISTEMP,12/6/1942,0.12
GCAG,11/6/1942,0.167
GISTEMP,11/6/1942,0.13
GCAG,10/6/1942,0.1495
GISTEMP,10/6/1942,0.06
GCAG,9/6/1942,0.1179
GISTEMP,9/6/1942,0
GCAG,8/6/1942,0.044
GISTEMP,8/6/1942,-0.03
GCAG,7/6/1942,0.0768
GISTEMP,7/6/1942,0.02
GCAG,6/6/1942,0.2098
GISTEMP,6/6/1942,0.11
GCAG,5/6/1942,0.1665
GISTEMP,5/6/1942,0.14
GCAG,4/6/1942,0.19
GISTEMP,4/6/1942,0.14
GCAG,3/6/1942,0.1771
GISTEMP,3/6/1942,0.13
GCAG,2/6/1942,0.0971
GISTEMP,2/6/1942,0.05
GCAG,1/6/1942,0.2983
GISTEMP,1/6/1942,0.26
GCAG,12/6/1941,0.2108
GISTEMP,12/6/1941,0.14
GCAG,11/6/1941,0.2212
GISTEMP,11/6/1941,0.12
GCAG,10/6/1941,0.313
GISTEMP,10/6/1941,0.24
GCAG,9/6/1941,0.0881
GISTEMP,9/6/1941,0.02
GCAG,8/6/1941,0.1736
GISTEMP,8/6/1941,0.14
GCAG,7/6/1941,0.2069
GISTEMP,7/6/1941,0.15
GCAG,6/6/1941,0.1614
GISTEMP,6/6/1941,0.04
GCAG,5/6/1941,0.2446
GISTEMP,5/6/1941,0.1
GCAG,4/6/1941,0.2229
GISTEMP,4/6/1941,0.11
GCAG,3/6/1941,0.1023
GISTEMP,3/6/1941,0.06
GCAG,2/6/1941,0.227
GISTEMP,2/6/1941,0.23
GCAG,1/6/1941,0.1802
GISTEMP,1/6/1941,0.13
GCAG,12/6/1940,0.2683
GISTEMP,12/6/1940,0.19
GCAG,11/6/1940,0.1004
GISTEMP,11/6/1940,0.13
GCAG,10/6/1940,0.0993
GISTEMP,10/6/1940,0.07
GCAG,9/6/1940,0.1483
GISTEMP,9/6/1940,0.12
GCAG,8/6/1940,0.0902
GISTEMP,8/6/1940,0.01
GCAG,7/6/1940,0.1459
GISTEMP,7/6/1940,0.1
GCAG,6/6/1940,0.1039
GISTEMP,6/6/1940,0.05
GCAG,5/6/1940,0.0556
GISTEMP,5/6/1940,0.05
GCAG,4/6/1940,0.1286
GISTEMP,4/6/1940,0.16
GCAG,3/6/1940,0.0671
GISTEMP,3/6/1940,0.12
GCAG,2/6/1940,0.0514
GISTEMP,2/6/1940,0.06
GCAG,1/6/1940,-0.1226
GISTEMP,1/6/1940,-0.15
GCAG,12/6/1939,0.4057
GISTEMP,12/6/1939,0.4
GCAG,11/6/1939,0.044
GISTEMP,11/6/1939,0.06
GCAG,10/6/1939,-0.0427
GISTEMP,10/6/1939,-0.03
GCAG,9/6/1939,0.0111
GISTEMP,9/6/1939,0
GCAG,8/6/1939,0.0555
GISTEMP,8/6/1939,-0.05
GCAG,7/6/1939,0.0061
GISTEMP,7/6/1939,-0.06
GCAG,6/6/1939,-0.0077
GISTEMP,6/6/1939,-0.08
GCAG,5/6/1939,-0.0366
GISTEMP,5/6/1939,-0.07
GCAG,4/6/1939,-0.1319
GISTEMP,4/6/1939,-0.12
GCAG,3/6/1939,-0.1897
GISTEMP,3/6/1939,-0.2
GCAG,2/6/1939,-0.1137
GISTEMP,2/6/1939,-0.12
GCAG,1/6/1939,-0.1665
GISTEMP,1/6/1939,-0.13
GCAG,12/6/1938,-0.2541
GISTEMP,12/6/1938,-0.26
GCAG,11/6/1938,0.0039
GISTEMP,11/6/1938,0.01
GCAG,10/6/1938,0.0724
GISTEMP,10/6/1938,0.11
GCAG,9/6/1938,0.0293
GISTEMP,9/6/1938,0.03
GCAG,8/6/1938,-0.0149
GISTEMP,8/6/1938,-0.04
GCAG,7/6/1938,-0.0505
GISTEMP,7/6/1938,-0.09
GCAG,6/6/1938,-0.0939
GISTEMP,6/6/1938,-0.17
GCAG,5/6/1938,-0.019
GISTEMP,5/6/1938,-0.07
GCAG,4/6/1938,0.0428
GISTEMP,4/6/1938,0.05
GCAG,3/6/1938,0.0308
GISTEMP,3/6/1938,0.05
GCAG,2/6/1938,-0.054
GISTEMP,2/6/1938,-0.04
GCAG,1/6/1938,-0.0378
GISTEMP,1/6/1938,0
GCAG,12/6/1937,-0.0919
GISTEMP,12/6/1937,-0.12
GCAG,11/6/1937,0.0099
GISTEMP,11/6/1937,0.09
GCAG,10/6/1937,0.1137
GISTEMP,10/6/1937,0.1
GCAG,9/6/1937,0.1316
GISTEMP,9/6/1937,0.14
GCAG,8/6/1937,0.093
GISTEMP,8/6/1937,0.03
GCAG,7/6/1937,-0.0004
GISTEMP,7/6/1937,-0.05
GCAG,6/6/1937,0.0126
GISTEMP,6/6/1937,-0.08
GCAG,5/6/1937,-0.0187
GISTEMP,5/6/1937,-0.07
GCAG,4/6/1937,-0.1262
GISTEMP,4/6/1937,-0.17
GCAG,3/6/1937,-0.1823
GISTEMP,3/6/1937,-0.17
GCAG,2/6/1937,0.0385
GISTEMP,2/6/1937,0.05
GCAG,1/6/1937,-0.1684
GISTEMP,1/6/1937,-0.11
GCAG,12/6/1936,-0.0193
GISTEMP,12/6/1936,-0.04
GCAG,11/6/1936,-0.0275
GISTEMP,11/6/1936,-0.05
GCAG,10/6/1936,-0.0224
GISTEMP,10/6/1936,-0.04
GCAG,9/6/1936,-0.0389
GISTEMP,9/6/1936,-0.06
GCAG,8/6/1936,-0.0557
GISTEMP,8/6/1936,-0.12
GCAG,7/6/1936,-0.0139
GISTEMP,7/6/1936,-0.06
GCAG,6/6/1936,-0.1075
GISTEMP,6/6/1936,-0.19
GCAG,5/6/1936,-0.1178
GISTEMP,5/6/1936,-0.17
GCAG,4/6/1936,-0.1789
GISTEMP,4/6/1936,-0.2
GCAG,3/6/1936,-0.2107
GISTEMP,3/6/1936,-0.23
GCAG,2/6/1936,-0.3137
GISTEMP,2/6/1936,-0.39
GCAG,1/6/1936,-0.2547
GISTEMP,1/6/1936,-0.29
GCAG,12/6/1935,-0.1769
GISTEMP,12/6/1935,-0.22
GCAG,11/6/1935,-0.2707
GISTEMP,11/6/1935,-0.29
GCAG,10/6/1935,-0.013
GISTEMP,10/6/1935,-0.08
GCAG,9/6/1935,-0.0916
GISTEMP,9/6/1935,-0.17
GCAG,8/6/1935,-0.1003
GISTEMP,8/6/1935,-0.17
GCAG,7/6/1935,-0.1155
GISTEMP,7/6/1935,-0.19
GCAG,6/6/1935,-0.1706
GISTEMP,6/6/1935,-0.23
GCAG,5/6/1935,-0.2038
GISTEMP,5/6/1935,-0.26
GCAG,4/6/1935,-0.2567
GISTEMP,4/6/1935,-0.35
GCAG,3/6/1935,-0.1475
GISTEMP,3/6/1935,-0.13
GCAG,2/6/1935,0.1659
GISTEMP,2/6/1935,0.11
GCAG,1/6/1935,-0.2894
GISTEMP,1/6/1935,-0.37
GCAG,12/6/1934,-0.0256
GISTEMP,12/6/1934,-0.09
GCAG,11/6/1934,0.0128
GISTEMP,11/6/1934,-0.01
GCAG,10/6/1934,-0.0693
GISTEMP,10/6/1934,-0.11
GCAG,9/6/1934,-0.1226
GISTEMP,9/6/1934,-0.16
GCAG,8/6/1934,-0.0548
GISTEMP,8/6/1934,-0.1
GCAG,7/6/1934,-0.0894
GISTEMP,7/6/1934,-0.11
GCAG,6/6/1934,-0.0025
GISTEMP,6/6/1934,-0.14
GCAG,5/6/1934,-0.0444
GISTEMP,5/6/1934,-0.11
GCAG,4/6/1934,-0.2318
GISTEMP,4/6/1934,-0.27
GCAG,3/6/1934,-0.2574
GISTEMP,3/6/1934,-0.31
GCAG,2/6/1934,-0.0231
GISTEMP,2/6/1934,-0.04
GCAG,1/6/1934,-0.3102
GISTEMP,1/6/1934,-0.27
GCAG,12/6/1933,-0.4069
GISTEMP,12/6/1933,-0.47
GCAG,11/6/1933,-0.2548
GISTEMP,11/6/1933,-0.31
GCAG,10/6/1933,-0.1879
GISTEMP,10/6/1933,-0.24
GCAG,9/6/1933,-0.2214
GISTEMP,9/6/1933,-0.26
GCAG,8/6/1933,-0.1889
GISTEMP,8/6/1933,-0.23
GCAG,7/6/1933,-0.181
GISTEMP,7/6/1933,-0.2
GCAG,6/6/1933,-0.2007
GISTEMP,6/6/1933,-0.32
GCAG,5/6/1933,-0.2091
GISTEMP,5/6/1933,-0.25
GCAG,4/6/1933,-0.2044
GISTEMP,4/6/1933,-0.23
GCAG,3/6/1933,-0.2476
GISTEMP,3/6/1933,-0.29
GCAG,2/6/1933,-0.3167
GISTEMP,2/6/1933,-0.32
GCAG,1/6/1933,-0.3073
GISTEMP,1/6/1933,-0.34
GCAG,12/6/1932,-0.1861
GISTEMP,12/6/1932,-0.22
GCAG,11/6/1932,-0.1945
GISTEMP,11/6/1932,-0.26
GCAG,10/6/1932,-0.0926
GISTEMP,10/6/1932,-0.1
GCAG,9/6/1932,-0.0695
GISTEMP,9/6/1932,-0.11
GCAG,8/6/1932,-0.1757
GISTEMP,8/6/1932,-0.24
GCAG,7/6/1932,-0.1208
GISTEMP,7/6/1932,-0.24
GCAG,6/6/1932,-0.1578
GISTEMP,6/6/1932,-0.3
GCAG,5/6/1932,-0.1674
GISTEMP,5/6/1932,-0.22
GCAG,4/6/1932,-0.0324
GISTEMP,4/6/1932,-0.07
GCAG,3/6/1932,-0.1799
GISTEMP,3/6/1932,-0.2
GCAG,2/6/1932,-0.1794
GISTEMP,2/6/1932,-0.18
GCAG,1/6/1932,0.1547
GISTEMP,1/6/1932,0.13
GCAG,12/6/1931,-0.1052
GISTEMP,12/6/1931,-0.1
GCAG,11/6/1931,-0.1139
GISTEMP,11/6/1931,-0.12
GCAG,10/6/1931,0.0092
GISTEMP,10/6/1931,0
GCAG,9/6/1931,0.0035
GISTEMP,9/6/1931,-0.06
GCAG,8/6/1931,0.0047
GISTEMP,8/6/1931,0
GCAG,7/6/1931,-0.0155
GISTEMP,7/6/1931,0.01
GCAG,6/6/1931,-0.0185
GISTEMP,6/6/1931,-0.06
GCAG,5/6/1931,-0.1499
GISTEMP,5/6/1931,-0.22
GCAG,4/6/1931,-0.1625
GISTEMP,4/6/1931,-0.21
GCAG,3/6/1931,-0.0061
GISTEMP,3/6/1931,-0.06
GCAG,2/6/1931,-0.2225
GISTEMP,2/6/1931,-0.22
GCAG,1/6/1931,-0.047
GISTEMP,1/6/1931,-0.1
GCAG,12/6/1930,0.0064
GISTEMP,12/6/1930,-0.09
GCAG,11/6/1930,0.1368
GISTEMP,11/6/1930,0.14
GCAG,10/6/1930,-0.0011
GISTEMP,10/6/1930,-0.08
GCAG,9/6/1930,-0.1043
GISTEMP,9/6/1930,-0.11
GCAG,8/6/1930,-0.09
GISTEMP,8/6/1930,-0.11
GCAG,7/6/1930,-0.0692
GISTEMP,7/6/1930,-0.17
GCAG,6/6/1930,-0.1135
GISTEMP,6/6/1930,-0.19
GCAG,5/6/1930,-0.1976
GISTEMP,5/6/1930,-0.25
GCAG,4/6/1930,-0.195
GISTEMP,4/6/1930,-0.26
GCAG,3/6/1930,-0.0549
GISTEMP,3/6/1930,-0.08
GCAG,2/6/1930,-0.2
GISTEMP,2/6/1930,-0.24
GCAG,1/6/1930,-0.3206
GISTEMP,1/6/1930,-0.29
GCAG,12/6/1929,-0.5167
GISTEMP,12/6/1929,-0.55
GCAG,11/6/1929,-0.0971
GISTEMP,11/6/1929,-0.14
GCAG,10/6/1929,-0.1185
GISTEMP,10/6/1929,-0.15
GCAG,9/6/1929,-0.2089
GISTEMP,9/6/1929,-0.23
GCAG,8/6/1929,-0.2078
GISTEMP,8/6/1929,-0.29
GCAG,7/6/1929,-0.2735
GISTEMP,7/6/1929,-0.33
GCAG,6/6/1929,-0.2746
GISTEMP,6/6/1929,-0.43
GCAG,5/6/1929,-0.2886
GISTEMP,5/6/1929,-0.39
GCAG,4/6/1929,-0.2976
GISTEMP,4/6/1929,-0.4
GCAG,3/6/1929,-0.2654
GISTEMP,3/6/1929,-0.34
GCAG,2/6/1929,-0.5495
GISTEMP,2/6/1929,-0.61
GCAG,1/6/1929,-0.484
GISTEMP,1/6/1929,-0.47
GCAG,12/6/1928,-0.1713
GISTEMP,12/6/1928,-0.2
GCAG,11/6/1928,-0.0679
GISTEMP,11/6/1928,-0.09
GCAG,10/6/1928,-0.1256
GISTEMP,10/6/1928,-0.19
GCAG,9/6/1928,-0.1904
GISTEMP,9/6/1928,-0.2
GCAG,8/6/1928,-0.1997
GISTEMP,8/6/1928,-0.25
GCAG,7/6/1928,-0.1773
GISTEMP,7/6/1928,-0.21
GCAG,6/6/1928,-0.2777
GISTEMP,6/6/1928,-0.41
GCAG,5/6/1928,-0.1866
GISTEMP,5/6/1928,-0.3
GCAG,4/6/1928,-0.2444
GISTEMP,4/6/1928,-0.29
GCAG,3/6/1928,-0.263
GISTEMP,3/6/1928,-0.28
GCAG,2/6/1928,-0.145
GISTEMP,2/6/1928,-0.12
GCAG,1/6/1928,-0.08
GISTEMP,1/6/1928,-0.04
GCAG,12/6/1927,-0.3132
GISTEMP,12/6/1927,-0.36
GCAG,11/6/1927,-0.0397
GISTEMP,11/6/1927,-0.04
GCAG,10/6/1927,0.014
GISTEMP,10/6/1927,-0.01
GCAG,9/6/1927,-0.0275
GISTEMP,9/6/1927,-0.06
GCAG,8/6/1927,-0.1145
GISTEMP,8/6/1927,-0.19
GCAG,7/6/1927,-0.1035
GISTEMP,7/6/1927,-0.15
GCAG,6/6/1927,-0.2014
GISTEMP,6/6/1927,-0.27
GCAG,5/6/1927,-0.2286
GISTEMP,5/6/1927,-0.25
GCAG,4/6/1927,-0.2207
GISTEMP,4/6/1927,-0.31
GCAG,3/6/1927,-0.2563
GISTEMP,3/6/1927,-0.39
GCAG,2/6/1927,-0.1917
GISTEMP,2/6/1927,-0.21
GCAG,1/6/1927,-0.1723
GISTEMP,1/6/1927,-0.28
GCAG,12/6/1926,-0.2158
GISTEMP,12/6/1926,-0.3
GCAG,11/6/1926,-0.0784
GISTEMP,11/6/1926,-0.06
GCAG,10/6/1926,-0.084
GISTEMP,10/6/1926,-0.11
GCAG,9/6/1926,-0.1031
GISTEMP,9/6/1926,-0.11
GCAG,8/6/1926,-0.0882
GISTEMP,8/6/1926,-0.11
GCAG,7/6/1926,-0.1582
GISTEMP,7/6/1926,-0.21
GCAG,6/6/1926,-0.1224
GISTEMP,6/6/1926,-0.25
GCAG,5/6/1926,-0.1345
GISTEMP,5/6/1926,-0.25
GCAG,4/6/1926,-0.1389
GISTEMP,4/6/1926,-0.15
GCAG,3/6/1926,0.0756
GISTEMP,3/6/1926,0.12
GCAG,2/6/1926,0.0811
GISTEMP,2/6/1926,0.07
GCAG,1/6/1926,0.166
GISTEMP,1/6/1926,0.2
GCAG,12/6/1925,0.1358
GISTEMP,12/6/1925,0.11
GCAG,11/6/1925,0.0584
GISTEMP,11/6/1925,0.03
GCAG,10/6/1925,-0.1326
GISTEMP,10/6/1925,-0.17
GCAG,9/6/1925,-0.104
GISTEMP,9/6/1925,-0.13
GCAG,8/6/1925,-0.1374
GISTEMP,8/6/1925,-0.19
GCAG,7/6/1925,-0.2093
GISTEMP,7/6/1925,-0.3
GCAG,6/6/1925,-0.2291
GISTEMP,6/6/1925,-0.34
GCAG,5/6/1925,-0.2233
GISTEMP,5/6/1925,-0.3
GCAG,4/6/1925,-0.1633
GISTEMP,4/6/1925,-0.25
GCAG,3/6/1925,-0.1692
GISTEMP,3/6/1925,-0.24
GCAG,2/6/1925,-0.2783
GISTEMP,2/6/1925,-0.35
GCAG,1/6/1925,-0.3246
GISTEMP,1/6/1925,-0.34
GCAG,12/6/1924,-0.3912
GISTEMP,12/6/1924,-0.43
GCAG,11/6/1924,-0.2942
GISTEMP,11/6/1924,-0.23
GCAG,10/6/1924,-0.2879
GISTEMP,10/6/1924,-0.36
GCAG,9/6/1924,-0.2836
GISTEMP,9/6/1924,-0.3
GCAG,8/6/1924,-0.2895
GISTEMP,8/6/1924,-0.35
GCAG,7/6/1924,-0.2216
GISTEMP,7/6/1924,-0.27
GCAG,6/6/1924,-0.2259
GISTEMP,6/6/1924,-0.28
GCAG,5/6/1924,-0.1903
GISTEMP,5/6/1924,-0.19
GCAG,4/6/1924,-0.2466
GISTEMP,4/6/1924,-0.35
GCAG,3/6/1924,-0.113
GISTEMP,3/6/1924,-0.12
GCAG,2/6/1924,-0.1859
GISTEMP,2/6/1924,-0.27
GCAG,1/6/1924,-0.2536
GISTEMP,1/6/1924,-0.24
GCAG,12/6/1923,0.0001
GISTEMP,12/6/1923,-0.06
GCAG,11/6/1923,0.0285
GISTEMP,11/6/1923,0.03
GCAG,10/6/1923,-0.1619
GISTEMP,10/6/1923,-0.13
GCAG,9/6/1923,-0.2454
GISTEMP,9/6/1923,-0.28
GCAG,8/6/1923,-0.2824
GISTEMP,8/6/1923,-0.3
GCAG,7/6/1923,-0.282
GISTEMP,7/6/1923,-0.29
GCAG,6/6/1923,-0.1948
GISTEMP,6/6/1923,-0.24
GCAG,5/6/1923,-0.2488
GISTEMP,5/6/1923,-0.33
GCAG,4/6/1923,-0.3381
GISTEMP,4/6/1923,-0.38
GCAG,3/6/1923,-0.2697
GISTEMP,3/6/1923,-0.32
GCAG,2/6/1923,-0.3785
GISTEMP,2/6/1923,-0.37
GCAG,1/6/1923,-0.2143
GISTEMP,1/6/1923,-0.27
GCAG,12/6/1922,-0.1563
GISTEMP,12/6/1922,-0.17
GCAG,11/6/1922,-0.1929
GISTEMP,11/6/1922,-0.17
GCAG,10/6/1922,-0.2506
GISTEMP,10/6/1922,-0.33
GCAG,9/6/1922,-0.2525
GISTEMP,9/6/1922,-0.29
GCAG,8/6/1922,-0.2793
GISTEMP,8/6/1922,-0.31
GCAG,7/6/1922,-0.2615
GISTEMP,7/6/1922,-0.27
GCAG,6/6/1922,-0.282
GISTEMP,6/6/1922,-0.32
GCAG,5/6/1922,-0.2647
GISTEMP,5/6/1922,-0.34
GCAG,4/6/1922,-0.1301
GISTEMP,4/6/1922,-0.22
GCAG,3/6/1922,-0.0787
GISTEMP,3/6/1922,-0.13
GCAG,2/6/1922,-0.2945
GISTEMP,2/6/1922,-0.44
GCAG,1/6/1922,-0.3221
GISTEMP,1/6/1922,-0.34
GCAG,12/6/1921,-0.0822
GISTEMP,12/6/1921,-0.18
GCAG,11/6/1921,-0.1859
GISTEMP,11/6/1921,-0.16
GCAG,10/6/1921,-0.0662
GISTEMP,10/6/1921,-0.06
GCAG,9/6/1921,-0.1481
GISTEMP,9/6/1921,-0.16
GCAG,8/6/1921,-0.1964
GISTEMP,8/6/1921,-0.24
GCAG,7/6/1921,-0.1123
GISTEMP,7/6/1921,-0.16
GCAG,6/6/1921,-0.1665
GISTEMP,6/6/1921,-0.31
GCAG,5/6/1921,-0.1917
GISTEMP,5/6/1921,-0.36
GCAG,4/6/1921,-0.2059
GISTEMP,4/6/1921,-0.36
GCAG,3/6/1921,-0.2176
GISTEMP,3/6/1921,-0.28
GCAG,2/6/1921,-0.1494
GISTEMP,2/6/1921,-0.21
GCAG,1/6/1921,-0.0598
GISTEMP,1/6/1921,-0.04
GCAG,12/6/1920,-0.3886
GISTEMP,12/6/1920,-0.47
GCAG,11/6/1920,-0.251
GISTEMP,11/6/1920,-0.33
GCAG,10/6/1920,-0.2096
GISTEMP,10/6/1920,-0.29
GCAG,9/6/1920,-0.1755
GISTEMP,9/6/1920,-0.2
GCAG,8/6/1920,-0.2306
GISTEMP,8/6/1920,-0.29
GCAG,7/6/1920,-0.2436
GISTEMP,7/6/1920,-0.32
GCAG,6/6/1920,-0.2559
GISTEMP,6/6/1920,-0.33
GCAG,5/6/1920,-0.1682
GISTEMP,5/6/1920,-0.26
GCAG,4/6/1920,-0.2098
GISTEMP,4/6/1920,-0.26
GCAG,3/6/1920,-0.0583
GISTEMP,3/6/1920,-0.08
GCAG,2/6/1920,-0.2197
GISTEMP,2/6/1920,-0.22
GCAG,1/6/1920,-0.1157
GISTEMP,1/6/1920,-0.15
GCAG,12/6/1919,-0.298
GISTEMP,12/6/1919,-0.35
GCAG,11/6/1919,-0.3178
GISTEMP,11/6/1919,-0.29
GCAG,10/6/1919,-0.22
GISTEMP,10/6/1919,-0.16
GCAG,9/6/1919,-0.1833
GISTEMP,9/6/1919,-0.17
GCAG,8/6/1919,-0.2077
GISTEMP,8/6/1919,-0.19
GCAG,7/6/1919,-0.2155
GISTEMP,7/6/1919,-0.21
GCAG,6/6/1919,-0.2348
GISTEMP,6/6/1919,-0.28
GCAG,5/6/1919,-0.1837
GISTEMP,5/6/1919,-0.2
GCAG,4/6/1919,-0.0704
GISTEMP,4/6/1919,-0.17
GCAG,3/6/1919,-0.2393
GISTEMP,3/6/1919,-0.25
GCAG,2/6/1919,-0.053
GISTEMP,2/6/1919,-0.19
GCAG,1/6/1919,-0.2424
GISTEMP,1/6/1919,-0.21
GCAG,12/6/1918,-0.3195
GISTEMP,12/6/1918,-0.3
GCAG,11/6/1918,-0.1154
GISTEMP,11/6/1918,-0.16
GCAG,10/6/1918,-0.0998
GISTEMP,10/6/1918,-0.03
GCAG,9/6/1918,-0.1481
GISTEMP,9/6/1918,-0.14
GCAG,8/6/1918,-0.1777
GISTEMP,8/6/1918,-0.26
GCAG,7/6/1918,-0.2024
GISTEMP,7/6/1918,-0.22
GCAG,6/6/1918,-0.1829
GISTEMP,6/6/1918,-0.28
GCAG,5/6/1918,-0.276
GISTEMP,5/6/1918,-0.37
GCAG,4/6/1918,-0.2966
GISTEMP,4/6/1918,-0.4
GCAG,3/6/1918,-0.1783
GISTEMP,3/6/1918,-0.21
GCAG,2/6/1918,-0.2892
GISTEMP,2/6/1918,-0.33
GCAG,1/6/1918,-0.2146
GISTEMP,1/6/1918,-0.44
GCAG,12/6/1917,-0.5329
GISTEMP,12/6/1917,-0.71
GCAG,11/6/1917,-0.1348
GISTEMP,11/6/1917,-0.29
GCAG,10/6/1917,-0.2602
GISTEMP,10/6/1917,-0.35
GCAG,9/6/1917,-0.0635
GISTEMP,9/6/1917,-0.18
GCAG,8/6/1917,-0.1726
GISTEMP,8/6/1917,-0.26
GCAG,7/6/1917,-0.1721
GISTEMP,7/6/1917,-0.23
GCAG,6/6/1917,-0.3432
GISTEMP,6/6/1917,-0.4
GCAG,5/6/1917,-0.45
GISTEMP,5/6/1917,-0.48
GCAG,4/6/1917,-0.3146
GISTEMP,4/6/1917,-0.38
GCAG,3/6/1917,-0.4287
GISTEMP,3/6/1917,-0.47
GCAG,2/6/1917,-0.4721
GISTEMP,2/6/1917,-0.53
GCAG,1/6/1917,-0.4299
GISTEMP,1/6/1917,-0.46
GCAG,12/6/1916,-0.5742
GISTEMP,12/6/1916,-0.78
GCAG,11/6/1916,-0.3957
GISTEMP,11/6/1916,-0.42
GCAG,10/6/1916,-0.2651
GISTEMP,10/6/1916,-0.28
GCAG,9/6/1916,-0.2616
GISTEMP,9/6/1916,-0.29
GCAG,8/6/1916,-0.2743
GISTEMP,8/6/1916,-0.27
GCAG,7/6/1916,-0.2889
GISTEMP,7/6/1916,-0.34
GCAG,6/6/1916,-0.3834
GISTEMP,6/6/1916,-0.44
GCAG,5/6/1916,-0.2245
GISTEMP,5/6/1916,-0.27
GCAG,4/6/1916,-0.1978
GISTEMP,4/6/1916,-0.25
GCAG,3/6/1916,-0.2944
GISTEMP,3/6/1916,-0.31
GCAG,2/6/1916,-0.1759
GISTEMP,2/6/1916,-0.23
GCAG,1/6/1916,-0.1797
GISTEMP,1/6/1916,-0.2
GCAG,12/6/1915,-0.0503
GISTEMP,12/6/1915,-0.25
GCAG,11/6/1915,-0.0116
GISTEMP,11/6/1915,-0.12
GCAG,10/6/1915,-0.1722
GISTEMP,10/6/1915,-0.22
GCAG,9/6/1915,-0.1111
GISTEMP,9/6/1915,-0.12
GCAG,8/6/1915,-0.076
GISTEMP,8/6/1915,-0.15
GCAG,7/6/1915,-0.0284
GISTEMP,7/6/1915,-0.03
GCAG,6/6/1915,-0.0858
GISTEMP,6/6/1915,-0.16
GCAG,5/6/1915,-0.0685
GISTEMP,5/6/1915,-0.01
GCAG,4/6/1915,0.0215
GISTEMP,4/6/1915,0.07
GCAG,3/6/1915,-0.1011
GISTEMP,3/6/1915,-0.08
GCAG,2/6/1915,-0.0108
GISTEMP,2/6/1915,-0.01
GCAG,1/6/1915,-0.1374
GISTEMP,1/6/1915,-0.2
GCAG,12/6/1914,-0.0998
GISTEMP,12/6/1914,-0.1
GCAG,11/6/1914,-0.1202
GISTEMP,11/6/1914,-0.2
GCAG,10/6/1914,-0.0938
GISTEMP,10/6/1914,-0.05
GCAG,9/6/1914,-0.1781
GISTEMP,9/6/1914,-0.13
GCAG,8/6/1914,-0.1757
GISTEMP,8/6/1914,-0.15
GCAG,7/6/1914,-0.2095
GISTEMP,7/6/1914,-0.24
GCAG,6/6/1914,-0.1963
GISTEMP,6/6/1914,-0.22
GCAG,5/6/1914,-0.1647
GISTEMP,5/6/1914,-0.19
GCAG,4/6/1914,-0.2481
GISTEMP,4/6/1914,-0.28
GCAG,3/6/1914,-0.1633
GISTEMP,3/6/1914,-0.23
GCAG,2/6/1914,-0.1203
GISTEMP,2/6/1914,-0.13
GCAG,1/6/1914,0.0961
GISTEMP,1/6/1914,0.02
GCAG,12/6/1913,-0.0374
GISTEMP,12/6/1913,-0.04
GCAG,11/6/1913,-0.1371
GISTEMP,11/6/1913,-0.18
GCAG,10/6/1913,-0.3112
GISTEMP,10/6/1913,-0.34
GCAG,9/6/1913,-0.3562
GISTEMP,9/6/1913,-0.32
GCAG,8/6/1913,-0.328
GISTEMP,8/6/1913,-0.32
GCAG,7/6/1913,-0.3534
GISTEMP,7/6/1913,-0.34
GCAG,6/6/1913,-0.3779
GISTEMP,6/6/1913,-0.46
GCAG,5/6/1913,-0.394
GISTEMP,5/6/1913,-0.45
GCAG,4/6/1913,-0.3506
GISTEMP,4/6/1913,-0.36
GCAG,3/6/1913,-0.4077
GISTEMP,3/6/1913,-0.44
GCAG,2/6/1913,-0.3899
GISTEMP,2/6/1913,-0.44
GCAG,1/6/1913,-0.3513
GISTEMP,1/6/1913,-0.41
GCAG,12/6/1912,-0.3553
GISTEMP,12/6/1912,-0.42
GCAG,11/6/1912,-0.4122
GISTEMP,11/6/1912,-0.38
GCAG,10/6/1912,-0.5185
GISTEMP,10/6/1912,-0.55
GCAG,9/6/1912,-0.5056
GISTEMP,9/6/1912,-0.47
GCAG,8/6/1912,-0.4516
GISTEMP,8/6/1912,-0.51
GCAG,7/6/1912,-0.314
GISTEMP,7/6/1912,-0.41
GCAG,6/6/1912,-0.26
GISTEMP,6/6/1912,-0.26
GCAG,5/6/1912,-0.2257
GISTEMP,5/6/1912,-0.2
GCAG,4/6/1912,-0.2027
GISTEMP,4/6/1912,-0.2
GCAG,3/6/1912,-0.3123
GISTEMP,3/6/1912,-0.37
GCAG,2/6/1912,-0.1091
GISTEMP,2/6/1912,-0.13
GCAG,1/6/1912,-0.2791
GISTEMP,1/6/1912,-0.27
GCAG,12/6/1911,-0.2456
GISTEMP,12/6/1911,-0.25
GCAG,11/6/1911,-0.2571
GISTEMP,11/6/1911,-0.2
GCAG,10/6/1911,-0.3433
GISTEMP,10/6/1911,-0.26
GCAG,9/6/1911,-0.3983
GISTEMP,9/6/1911,-0.38
GCAG,8/6/1911,-0.4541
GISTEMP,8/6/1911,-0.43
GCAG,7/6/1911,-0.4658
GISTEMP,7/6/1911,-0.41
GCAG,6/6/1911,-0.4443
GISTEMP,6/6/1911,-0.47
GCAG,5/6/1911,-0.4775
GISTEMP,5/6/1911,-0.51
GCAG,4/6/1911,-0.5099
GISTEMP,4/6/1911,-0.55
GCAG,3/6/1911,-0.5697
GISTEMP,3/6/1911,-0.62
GCAG,2/6/1911,-0.5265
GISTEMP,2/6/1911,-0.6
GCAG,1/6/1911,-0.5067
GISTEMP,1/6/1911,-0.64
GCAG,12/6/1910,-0.5626
GISTEMP,12/6/1910,-0.69
GCAG,11/6/1910,-0.4956
GISTEMP,11/6/1910,-0.56
GCAG,10/6/1910,-0.4199
GISTEMP,10/6/1910,-0.39
GCAG,9/6/1910,-0.3322
GISTEMP,9/6/1910,-0.37
GCAG,8/6/1910,-0.3325
GISTEMP,8/6/1910,-0.34
GCAG,7/6/1910,-0.3264
GISTEMP,7/6/1910,-0.31
GCAG,6/6/1910,-0.3525
GISTEMP,6/6/1910,-0.36
GCAG,5/6/1910,-0.2999
GISTEMP,5/6/1910,-0.34
GCAG,4/6/1910,-0.339
GISTEMP,4/6/1910,-0.39
GCAG,3/6/1910,-0.4202
GISTEMP,3/6/1910,-0.47
GCAG,2/6/1910,-0.3627
GISTEMP,2/6/1910,-0.43
GCAG,1/6/1910,-0.3035
GISTEMP,1/6/1910,-0.44
GCAG,12/6/1909,-0.4071
GISTEMP,12/6/1909,-0.55
GCAG,11/6/1909,-0.2733
GISTEMP,11/6/1909,-0.31
GCAG,10/6/1909,-0.3935
GISTEMP,10/6/1909,-0.39
GCAG,9/6/1909,-0.3611
GISTEMP,9/6/1909,-0.37
GCAG,8/6/1909,-0.3052
GISTEMP,8/6/1909,-0.3
GCAG,7/6/1909,-0.435
GISTEMP,7/6/1909,-0.43
GCAG,6/6/1909,-0.4145
GISTEMP,6/6/1909,-0.52
GCAG,5/6/1909,-0.4512
GISTEMP,5/6/1909,-0.54
GCAG,4/6/1909,-0.5264
GISTEMP,4/6/1909,-0.59
GCAG,3/6/1909,-0.5399
GISTEMP,3/6/1909,-0.52
GCAG,2/6/1909,-0.4563
GISTEMP,2/6/1909,-0.47
GCAG,1/6/1909,-0.5499
GISTEMP,1/6/1909,-0.7
GCAG,12/6/1908,-0.3846
GISTEMP,12/6/1908,-0.5
GCAG,11/6/1908,-0.4833
GISTEMP,11/6/1908,-0.51
GCAG,10/6/1908,-0.5169
GISTEMP,10/6/1908,-0.43
GCAG,9/6/1908,-0.3973
GISTEMP,9/6/1908,-0.33
GCAG,8/6/1908,-0.4787
GISTEMP,8/6/1908,-0.45
GCAG,7/6/1908,-0.3874
GISTEMP,7/6/1908,-0.35
GCAG,6/6/1908,-0.4062
GISTEMP,6/6/1908,-0.39
GCAG,5/6/1908,-0.3982
GISTEMP,5/6/1908,-0.4
GCAG,4/6/1908,-0.4832
GISTEMP,4/6/1908,-0.46
GCAG,3/6/1908,-0.6041
GISTEMP,3/6/1908,-0.58
GCAG,2/6/1908,-0.3753
GISTEMP,2/6/1908,-0.36
GCAG,1/6/1908,-0.36
GISTEMP,1/6/1908,-0.46
GCAG,12/6/1907,-0.3922
GISTEMP,12/6/1907,-0.5
GCAG,11/6/1907,-0.5055
GISTEMP,11/6/1907,-0.51
GCAG,10/6/1907,-0.3047
GISTEMP,10/6/1907,-0.24
GCAG,9/6/1907,-0.3364
GISTEMP,9/6/1907,-0.32
GCAG,8/6/1907,-0.3378
GISTEMP,8/6/1907,-0.37
GCAG,7/6/1907,-0.3547
GISTEMP,7/6/1907,-0.35
GCAG,6/6/1907,-0.3742
GISTEMP,6/6/1907,-0.43
GCAG,5/6/1907,-0.4669
GISTEMP,5/6/1907,-0.46
GCAG,4/6/1907,-0.3508
GISTEMP,4/6/1907,-0.4
GCAG,3/6/1907,-0.276
GISTEMP,3/6/1907,-0.25
GCAG,2/6/1907,-0.4038
GISTEMP,2/6/1907,-0.53
GCAG,1/6/1907,-0.3443
GISTEMP,1/6/1907,-0.44
GCAG,12/6/1906,-0.165
GISTEMP,12/6/1906,-0.18
GCAG,11/6/1906,-0.3676
GISTEMP,11/6/1906,-0.38
GCAG,10/6/1906,-0.2809
GISTEMP,10/6/1906,-0.2
GCAG,9/6/1906,-0.3053
GISTEMP,9/6/1906,-0.25
GCAG,8/6/1906,-0.2362
GISTEMP,8/6/1906,-0.19
GCAG,7/6/1906,-0.2467
GISTEMP,7/6/1906,-0.27
GCAG,6/6/1906,-0.1768
GISTEMP,6/6/1906,-0.22
GCAG,5/6/1906,-0.2166
GISTEMP,5/6/1906,-0.21
GCAG,4/6/1906,-0.0514
GISTEMP,4/6/1906,-0.02
GCAG,3/6/1906,-0.1484
GISTEMP,3/6/1906,-0.15
GCAG,2/6/1906,-0.2379
GISTEMP,2/6/1906,-0.34
GCAG,1/6/1906,-0.1755
GISTEMP,1/6/1906,-0.31
GCAG,12/6/1905,-0.1334
GISTEMP,12/6/1905,-0.21
GCAG,11/6/1905,-0.0916
GISTEMP,11/6/1905,-0.08
GCAG,10/6/1905,-0.296
GISTEMP,10/6/1905,-0.23
GCAG,9/6/1905,-0.2239
GISTEMP,9/6/1905,-0.15
GCAG,8/6/1905,-0.2275
GISTEMP,8/6/1905,-0.21
GCAG,7/6/1905,-0.1918
GISTEMP,7/6/1905,-0.25
GCAG,6/6/1905,-0.2503
GISTEMP,6/6/1905,-0.31
GCAG,5/6/1905,-0.2879
GISTEMP,5/6/1905,-0.33
GCAG,4/6/1905,-0.4481
GISTEMP,4/6/1905,-0.36
GCAG,3/6/1905,-0.394
GISTEMP,3/6/1905,-0.25
GCAG,2/6/1905,-0.6187
GISTEMP,2/6/1905,-0.59
GCAG,1/6/1905,-0.354
GISTEMP,1/6/1905,-0.38
GCAG,12/6/1904,-0.2414
GISTEMP,12/6/1904,-0.29
GCAG,11/6/1904,-0.1686
GISTEMP,11/6/1904,-0.16
GCAG,10/6/1904,-0.4066
GISTEMP,10/6/1904,-0.35
GCAG,9/6/1904,-0.4632
GISTEMP,9/6/1904,-0.47
GCAG,8/6/1904,-0.4314
GISTEMP,8/6/1904,-0.43
GCAG,7/6/1904,-0.4597
GISTEMP,7/6/1904,-0.48
GCAG,6/6/1904,-0.4403
GISTEMP,6/6/1904,-0.49
GCAG,5/6/1904,-0.4282
GISTEMP,5/6/1904,-0.5
GCAG,4/6/1904,-0.4717
GISTEMP,4/6/1904,-0.5
GCAG,3/6/1904,-0.5129
GISTEMP,3/6/1904,-0.46
GCAG,2/6/1904,-0.467
GISTEMP,2/6/1904,-0.55
GCAG,1/6/1904,-0.5416
GISTEMP,1/6/1904,-0.64
GCAG,12/6/1903,-0.3861
GISTEMP,12/6/1903,-0.47
GCAG,11/6/1903,-0.395
GISTEMP,11/6/1903,-0.38
GCAG,10/6/1903,-0.4357
GISTEMP,10/6/1903,-0.42
GCAG,9/6/1903,-0.3756
GISTEMP,9/6/1903,-0.43
GCAG,8/6/1903,-0.4296
GISTEMP,8/6/1903,-0.44
GCAG,7/6/1903,-0.334
GISTEMP,7/6/1903,-0.3
GCAG,6/6/1903,-0.3759
GISTEMP,6/6/1903,-0.44
GCAG,5/6/1903,-0.3912
GISTEMP,5/6/1903,-0.41
GCAG,4/6/1903,-0.354
GISTEMP,4/6/1903,-0.39
GCAG,3/6/1903,-0.2755
GISTEMP,3/6/1903,-0.23
GCAG,2/6/1903,-0.08
GISTEMP,2/6/1903,-0.06
GCAG,1/6/1903,-0.2101
GISTEMP,1/6/1903,-0.27
GCAG,12/6/1902,-0.3592
GISTEMP,12/6/1902,-0.46
GCAG,11/6/1902,-0.343
GISTEMP,11/6/1902,-0.36
GCAG,10/6/1902,-0.2821
GISTEMP,10/6/1902,-0.27
GCAG,9/6/1902,-0.2315
GISTEMP,9/6/1902,-0.2
GCAG,8/6/1902,-0.2643
GISTEMP,8/6/1902,-0.28
GCAG,7/6/1902,-0.2902
GISTEMP,7/6/1902,-0.26
GCAG,6/6/1902,-0.3324
GISTEMP,6/6/1902,-0.34
GCAG,5/6/1902,-0.2616
GISTEMP,5/6/1902,-0.31
GCAG,4/6/1902,-0.2697
GISTEMP,4/6/1902,-0.27
GCAG,3/6/1902,-0.1954
GISTEMP,3/6/1902,-0.29
GCAG,2/6/1902,-0.0409
GISTEMP,2/6/1902,-0.03
GCAG,1/6/1902,-0.0856
GISTEMP,1/6/1902,-0.19
GCAG,12/6/1901,-0.2372
GISTEMP,12/6/1901,-0.3
GCAG,11/6/1901,-0.1425
GISTEMP,11/6/1901,-0.17
GCAG,10/6/1901,-0.2786
GISTEMP,10/6/1901,-0.29
GCAG,9/6/1901,-0.2059
GISTEMP,9/6/1901,-0.17
GCAG,8/6/1901,-0.1299
GISTEMP,8/6/1901,-0.13
GCAG,7/6/1901,-0.1563
GISTEMP,7/6/1901,-0.09
GCAG,6/6/1901,-0.1273
GISTEMP,6/6/1901,-0.1
GCAG,5/6/1901,-0.1248
GISTEMP,5/6/1901,-0.18
GCAG,4/6/1901,-0.0646
GISTEMP,4/6/1901,-0.06
GCAG,3/6/1901,-0.0327
GISTEMP,3/6/1901,0.05
GCAG,2/6/1901,-0.0741
GISTEMP,2/6/1901,-0.05
GCAG,1/6/1901,-0.1259
GISTEMP,1/6/1901,-0.3
GCAG,12/6/1900,0.032
GISTEMP,12/6/1900,-0.14
GCAG,11/6/1900,-0.1345
GISTEMP,11/6/1900,-0.13
GCAG,10/6/1900,0.0464
GISTEMP,10/6/1900,0.08
GCAG,9/6/1900,-0.06
GISTEMP,9/6/1900,0.01
GCAG,8/6/1900,-0.0708
GISTEMP,8/6/1900,-0.04
GCAG,7/6/1900,-0.0728
GISTEMP,7/6/1900,-0.09
GCAG,6/6/1900,-0.045
GISTEMP,6/6/1900,-0.15
GCAG,5/6/1900,-0.0371
GISTEMP,5/6/1900,-0.06
GCAG,4/6/1900,-0.0985
GISTEMP,4/6/1900,-0.14
GCAG,3/6/1900,-0.0402
GISTEMP,3/6/1900,0.02
GCAG,2/6/1900,-0.0934
GISTEMP,2/6/1900,-0.08
GCAG,1/6/1900,-0.2404
GISTEMP,1/6/1900,-0.4
GCAG,1899-12-06,-0.1656
GISTEMP,1899-12-06,-0.27
GCAG,1899-11-06,0.1523
GISTEMP,1899-11-06,0.12
GCAG,1899-10-06,-0.0241
GISTEMP,1899-10-06,0
GCAG,1899-09-06,-0.0307
GISTEMP,1899-09-06,0
GCAG,1899-08-06,-0.0664
GISTEMP,1899-08-06,-0.04
GCAG,1899-07-06,-0.1259
GISTEMP,1899-07-06,-0.13
GCAG,1899-06-06,-0.1977
GISTEMP,1899-06-06,-0.26
GCAG,1899-05-06,-0.1203
GISTEMP,1899-05-06,-0.2
GCAG,1899-04-06,-0.1946
GISTEMP,1899-04-06,-0.21
GCAG,1899-03-06,-0.2549
GISTEMP,1899-03-06,-0.35
GCAG,1899-02-06,-0.2787
GISTEMP,1899-02-06,-0.39
GCAG,1899-01-06,-0.1005
GISTEMP,1899-01-06,-0.18
GCAG,1898-12-06,-0.0073
GISTEMP,1898-12-06,-0.22
GCAG,1898-11-06,-0.2417
GISTEMP,1898-11-06,-0.35
GCAG,1898-10-06,-0.3234
GISTEMP,1898-10-06,-0.32
GCAG,1898-09-06,-0.1968
GISTEMP,1898-09-06,-0.19
GCAG,1898-08-06,-0.2306
GISTEMP,1898-08-06,-0.22
GCAG,1898-07-06,-0.2426
GISTEMP,1898-07-06,-0.22
GCAG,1898-06-06,-0.2078
GISTEMP,1898-06-06,-0.2
GCAG,1898-05-06,-0.2887
GISTEMP,1898-05-06,-0.35
GCAG,1898-04-06,-0.3467
GISTEMP,1898-04-06,-0.33
GCAG,1898-03-06,-0.6515
GISTEMP,1898-03-06,-0.55
GCAG,1898-02-06,-0.2785
GISTEMP,1898-02-06,-0.34
GCAG,1898-01-06,-0.0399
GISTEMP,1898-01-06,-0.06
GCAG,1897-12-06,-0.2989
GISTEMP,1897-12-06,-0.26
GCAG,1897-11-06,-0.2619
GISTEMP,1897-11-06,-0.18
GCAG,1897-10-06,-0.1608
GISTEMP,1897-10-06,-0.1
GCAG,1897-09-06,-0.0247
GISTEMP,1897-09-06,-0.04
GCAG,1897-08-06,-0.0735
GISTEMP,1897-08-06,-0.03
GCAG,1897-07-06,-0.0401
GISTEMP,1897-07-06,-0.04
GCAG,1897-06-06,-0.1
GISTEMP,1897-06-06,-0.12
GCAG,1897-05-06,-0.0256
GISTEMP,1897-05-06,0
GCAG,1897-04-06,-0.0032
GISTEMP,1897-04-06,-0.01
GCAG,1897-03-06,-0.1863
GISTEMP,1897-03-06,-0.12
GCAG,1897-02-06,-0.1086
GISTEMP,1897-02-06,-0.19
GCAG,1897-01-06,-0.1857
GISTEMP,1897-01-06,-0.22
GCAG,1896-12-06,0.049
GISTEMP,1896-12-06,-0.12
GCAG,1896-11-06,-0.1659
GISTEMP,1896-11-06,-0.16
GCAG,1896-10-06,-0.0056
GISTEMP,1896-10-06,0.04
GCAG,1896-09-06,-0.0679
GISTEMP,1896-09-06,-0.05
GCAG,1896-08-06,-0.0723
GISTEMP,1896-08-06,-0.09
GCAG,1896-07-06,-0.0509
GISTEMP,1896-07-06,-0.06
GCAG,1896-06-06,-0.0925
GISTEMP,1896-06-06,-0.13
GCAG,1896-05-06,-0.1042
GISTEMP,1896-05-06,-0.19
GCAG,1896-04-06,-0.266
GISTEMP,1896-04-06,-0.33
GCAG,1896-03-06,-0.2079
GISTEMP,1896-03-06,-0.29
GCAG,1896-02-06,-0.0789
GISTEMP,1896-02-06,-0.15
GCAG,1896-01-06,-0.1056
GISTEMP,1896-01-06,-0.23
GCAG,1895-12-06,-0.069
GISTEMP,1895-12-06,-0.12
GCAG,1895-11-06,-0.1602
GISTEMP,1895-11-06,-0.15
GCAG,1895-10-06,-0.1317
GISTEMP,1895-10-06,-0.11
GCAG,1895-09-06,-0.1329
GISTEMP,1895-09-06,-0.02
GCAG,1895-08-06,-0.2243
GISTEMP,1895-08-06,-0.16
GCAG,1895-07-06,-0.201
GISTEMP,1895-07-06,-0.16
GCAG,1895-06-06,-0.2938
GISTEMP,1895-06-06,-0.25
GCAG,1895-05-06,-0.2076
GISTEMP,1895-05-06,-0.23
GCAG,1895-04-06,-0.1868
GISTEMP,1895-04-06,-0.23
GCAG,1895-03-06,-0.2879
GISTEMP,1895-03-06,-0.3
GCAG,1895-02-06,-0.4136
GISTEMP,1895-02-06,-0.42
GCAG,1895-01-06,-0.4389
GISTEMP,1895-01-06,-0.44
GCAG,1894-12-06,-0.2412
GISTEMP,1894-12-06,-0.22
GCAG,1894-11-06,-0.2979
GISTEMP,1894-11-06,-0.25
GCAG,1894-10-06,-0.2135
GISTEMP,1894-10-06,-0.17
GCAG,1894-09-06,-0.2531
GISTEMP,1894-09-06,-0.23
GCAG,1894-08-06,-0.2735
GISTEMP,1894-08-06,-0.29
GCAG,1894-07-06,-0.2738
GISTEMP,1894-07-06,-0.32
GCAG,1894-06-06,-0.3487
GISTEMP,1894-06-06,-0.43
GCAG,1894-05-06,-0.3018
GISTEMP,1894-05-06,-0.3
GCAG,1894-04-06,-0.3023
GISTEMP,1894-04-06,-0.41
GCAG,1894-03-06,-0.2064
GISTEMP,1894-03-06,-0.2
GCAG,1894-02-06,-0.2215
GISTEMP,1894-02-06,-0.31
GCAG,1894-01-06,-0.436
GISTEMP,1894-01-06,-0.55
GCAG,1893-12-06,-0.2452
GISTEMP,1893-12-06,-0.38
GCAG,1893-11-06,-0.1657
GISTEMP,1893-11-06,-0.17
GCAG,1893-10-06,-0.2099
GISTEMP,1893-10-06,-0.16
GCAG,1893-09-06,-0.2587
GISTEMP,1893-09-06,-0.18
GCAG,1893-08-06,-0.3281
GISTEMP,1893-08-06,-0.24
GCAG,1893-07-06,-0.2018
GISTEMP,1893-07-06,-0.14
GCAG,1893-06-06,-0.2405
GISTEMP,1893-06-06,-0.24
GCAG,1893-05-06,-0.3421
GISTEMP,1893-05-06,-0.35
GCAG,1893-04-06,-0.35
GISTEMP,1893-04-06,-0.32
GCAG,1893-03-06,-0.2218
GISTEMP,1893-03-06,-0.24
GCAG,1893-02-06,-0.6107
GISTEMP,1893-02-06,-0.51
GCAG,1893-01-06,-0.6796
GISTEMP,1893-01-06,-0.69
GCAG,1892-12-06,-0.4708
GISTEMP,1892-12-06,-0.29
GCAG,1892-11-06,-0.4728
GISTEMP,1892-11-06,-0.49
GCAG,1892-10-06,-0.2464
GISTEMP,1892-10-06,-0.17
GCAG,1892-09-06,-0.2198
GISTEMP,1892-09-06,-0.25
GCAG,1892-08-06,-0.3279
GISTEMP,1892-08-06,-0.2
GCAG,1892-07-06,-0.3497
GISTEMP,1892-07-06,-0.28
GCAG,1892-06-06,-0.2831
GISTEMP,1892-06-06,-0.2
GCAG,1892-05-06,-0.3081
GISTEMP,1892-05-06,-0.25
GCAG,1892-04-06,-0.3203
GISTEMP,1892-04-06,-0.35
GCAG,1892-03-06,-0.3032
GISTEMP,1892-03-06,-0.36
GCAG,1892-02-06,-0.1353
GISTEMP,1892-02-06,-0.15
GCAG,1892-01-06,-0.2372
GISTEMP,1892-01-06,-0.26
GCAG,1891-12-06,-0.0421
GISTEMP,1891-12-06,-0.03
GCAG,1891-11-06,-0.3968
GISTEMP,1891-11-06,-0.37
GCAG,1891-10-06,-0.2861
GISTEMP,1891-10-06,-0.24
GCAG,1891-09-06,-0.1514
GISTEMP,1891-09-06,-0.13
GCAG,1891-08-06,-0.2313
GISTEMP,1891-08-06,-0.21
GCAG,1891-07-06,-0.2264
GISTEMP,1891-07-06,-0.22
GCAG,1891-06-06,-0.2023
GISTEMP,1891-06-06,-0.22
GCAG,1891-05-06,-0.1374
GISTEMP,1891-05-06,-0.17
GCAG,1891-04-06,-0.2523
GISTEMP,1891-04-06,-0.25
GCAG,1891-03-06,-0.212
GISTEMP,1891-03-06,-0.15
GCAG,1891-02-06,-0.5228
GISTEMP,1891-02-06,-0.49
GCAG,1891-01-06,-0.3772
GISTEMP,1891-01-06,-0.46
GCAG,1890-12-06,-0.2302
GISTEMP,1890-12-06,-0.3
GCAG,1890-11-06,-0.3419
GISTEMP,1890-11-06,-0.37
GCAG,1890-10-06,-0.2941
GISTEMP,1890-10-06,-0.23
GCAG,1890-09-06,-0.3508
GISTEMP,1890-09-06,-0.36
GCAG,1890-08-06,-0.3257
GISTEMP,1890-08-06,-0.36
GCAG,1890-07-06,-0.2802
GISTEMP,1890-07-06,-0.3
GCAG,1890-06-06,-0.2875
GISTEMP,1890-06-06,-0.27
GCAG,1890-05-06,-0.3892
GISTEMP,1890-05-06,-0.48
GCAG,1890-04-06,-0.2588
GISTEMP,1890-04-06,-0.38
GCAG,1890-03-06,-0.3189
GISTEMP,1890-03-06,-0.41
GCAG,1890-02-06,-0.4268
GISTEMP,1890-02-06,-0.48
GCAG,1890-01-06,-0.3594
GISTEMP,1890-01-06,-0.48
GCAG,1889-12-06,-0.175
GISTEMP,1889-12-06,-0.31
GCAG,1889-11-06,-0.2769
GISTEMP,1889-11-06,-0.32
GCAG,1889-10-06,-0.1913
GISTEMP,1889-10-06,-0.22
GCAG,1889-09-06,-0.2264
GISTEMP,1889-09-06,-0.18
GCAG,1889-08-06,-0.137
GISTEMP,1889-08-06,-0.18
GCAG,1889-07-06,-0.1604
GISTEMP,1889-07-06,-0.05
GCAG,1889-06-06,-0.0698
GISTEMP,1889-06-06,-0.12
GCAG,1889-05-06,-0.0326
GISTEMP,1889-05-06,-0.03
GCAG,1889-04-06,0.0496
GISTEMP,1889-04-06,0.04
GCAG,1889-03-06,0.1207
GISTEMP,1889-03-06,0.04
GCAG,1889-02-06,0.0152
GISTEMP,1889-02-06,0.14
GCAG,1889-01-06,-0.0944
GISTEMP,1889-01-06,-0.21
GCAG,1888-12-06,0.0445
GISTEMP,1888-12-06,-0.12
GCAG,1888-11-06,-0.0418
GISTEMP,1888-11-06,0
GCAG,1888-10-06,0.019
GISTEMP,1888-10-06,0.01
GCAG,1888-09-06,-0.069
GISTEMP,1888-09-06,-0.07
GCAG,1888-08-06,-0.1633
GISTEMP,1888-08-06,-0.11
GCAG,1888-07-06,-0.1149
GISTEMP,1888-07-06,-0.1
GCAG,1888-06-06,-0.0943
GISTEMP,1888-06-06,-0.2
GCAG,1888-05-06,-0.1561
GISTEMP,1888-05-06,-0.22
GCAG,1888-04-06,-0.1761
GISTEMP,1888-04-06,-0.28
GCAG,1888-03-06,-0.2974
GISTEMP,1888-03-06,-0.47
GCAG,1888-02-06,-0.3288
GISTEMP,1888-02-06,-0.43
GCAG,1888-01-06,-0.3871
GISTEMP,1888-01-06,-0.43
GCAG,1887-12-06,-0.1988
GISTEMP,1887-12-06,-0.38
GCAG,1887-11-06,-0.1572
GISTEMP,1887-11-06,-0.25
GCAG,1887-10-06,-0.2995
GISTEMP,1887-10-06,-0.32
GCAG,1887-09-06,-0.1827
GISTEMP,1887-09-06,-0.19
GCAG,1887-08-06,-0.3148
GISTEMP,1887-08-06,-0.28
GCAG,1887-07-06,-0.2707
GISTEMP,1887-07-06,-0.19
GCAG,1887-06-06,-0.2149
GISTEMP,1887-06-06,-0.21
GCAG,1887-05-06,-0.239
GISTEMP,1887-05-06,-0.33
GCAG,1887-04-06,-0.1899
GISTEMP,1887-04-06,-0.37
GCAG,1887-03-06,-0.1655
GISTEMP,1887-03-06,-0.32
GCAG,1887-02-06,-0.3745
GISTEMP,1887-02-06,-0.48
GCAG,1887-01-06,-0.3792
GISTEMP,1887-01-06,-0.66
GCAG,1886-12-06,-0.163
GISTEMP,1886-12-06,-0.25
GCAG,1886-11-06,-0.1952
GISTEMP,1886-11-06,-0.26
GCAG,1886-10-06,-0.2261
GISTEMP,1886-10-06,-0.25
GCAG,1886-09-06,-0.1969
GISTEMP,1886-09-06,-0.19
GCAG,1886-08-06,-0.2146
GISTEMP,1886-08-06,-0.31
GCAG,1886-07-06,-0.1599
GISTEMP,1886-07-06,-0.16
GCAG,1886-06-06,-0.2468
GISTEMP,1886-06-06,-0.39
GCAG,1886-05-06,-0.1573
GISTEMP,1886-05-06,-0.27
GCAG,1886-04-06,-0.1679
GISTEMP,1886-04-06,-0.29
GCAG,1886-03-06,-0.2823
GISTEMP,1886-03-06,-0.41
GCAG,1886-02-06,-0.2795
GISTEMP,1886-02-06,-0.46
GCAG,1886-01-06,-0.1143
GISTEMP,1886-01-06,-0.43
GCAG,1885-12-06,0.05
GISTEMP,1885-12-06,-0.07
GCAG,1885-11-06,-0.1262
GISTEMP,1885-11-06,-0.22
GCAG,1885-10-06,-0.1289
GISTEMP,1885-10-06,-0.2
GCAG,1885-09-06,-0.1963
GISTEMP,1885-09-06,-0.19
GCAG,1885-08-06,-0.2407
GISTEMP,1885-08-06,-0.27
GCAG,1885-07-06,-0.2375
GISTEMP,1885-07-06,-0.29
GCAG,1885-06-06,-0.3052
GISTEMP,1885-06-06,-0.5
GCAG,1885-05-06,-0.2787
GISTEMP,1885-05-06,-0.42
GCAG,1885-04-06,-0.2564
GISTEMP,1885-04-06,-0.45
GCAG,1885-03-06,-0.1473
GISTEMP,1885-03-06,-0.24
GCAG,1885-02-06,-0.2558
GISTEMP,1885-02-06,-0.3
GCAG,1885-01-06,-0.4267
GISTEMP,1885-01-06,-0.66
GCAG,1884-12-06,-0.144
GISTEMP,1884-12-06,-0.3
GCAG,1884-11-06,-0.2692
GISTEMP,1884-11-06,-0.3
GCAG,1884-10-06,-0.1695
GISTEMP,1884-10-06,-0.22
GCAG,1884-09-06,-0.2238
GISTEMP,1884-09-06,-0.24
GCAG,1884-08-06,-0.2698
GISTEMP,1884-08-06,-0.27
GCAG,1884-07-06,-0.2985
GISTEMP,1884-07-06,-0.35
GCAG,1884-06-06,-0.1939
GISTEMP,1884-06-06,-0.38
GCAG,1884-05-06,-0.1282
GISTEMP,1884-05-06,-0.32
GCAG,1884-04-06,-0.1809
GISTEMP,1884-04-06,-0.36
GCAG,1884-03-06,-0.2061
GISTEMP,1884-03-06,-0.36
GCAG,1884-02-06,-0.143
GISTEMP,1884-02-06,-0.13
GCAG,1884-01-06,-0.1843
GISTEMP,1884-01-06,-0.18
GCAG,1883-12-06,-0.0738
GISTEMP,1883-12-06,-0.19
GCAG,1883-11-06,-0.1683
GISTEMP,1883-11-06,-0.21
GCAG,1883-10-06,-0.1612
GISTEMP,1883-10-06,-0.12
GCAG,1883-09-06,-0.1467
GISTEMP,1883-09-06,-0.19
GCAG,1883-08-06,-0.0526
GISTEMP,1883-08-06,-0.14
GCAG,1883-07-06,-0.0849
GISTEMP,1883-07-06,-0.09
GCAG,1883-06-06,-0.0066
GISTEMP,1883-06-06,-0.13
GCAG,1883-05-06,-0.1455
GISTEMP,1883-05-06,-0.26
GCAG,1883-04-06,-0.1746
GISTEMP,1883-04-06,-0.25
GCAG,1883-03-06,-0.1326
GISTEMP,1883-03-06,-0.18
GCAG,1883-02-06,-0.2915
GISTEMP,1883-02-06,-0.42
GCAG,1883-01-06,-0.2707
GISTEMP,1883-01-06,-0.34
GCAG,1882-12-06,-0.1705
GISTEMP,1882-12-06,-0.25
GCAG,1882-11-06,-0.1279
GISTEMP,1882-11-06,-0.21
GCAG,1882-10-06,-0.2101
GISTEMP,1882-10-06,-0.23
GCAG,1882-09-06,0.0077
GISTEMP,1882-09-06,-0.01
GCAG,1882-08-06,-0.0037
GISTEMP,1882-08-06,0.03
GCAG,1882-07-06,-0.0666
GISTEMP,1882-07-06,-0.11
GCAG,1882-06-06,-0.1391
GISTEMP,1882-06-06,-0.25
GCAG,1882-05-06,-0.1459
GISTEMP,1882-05-06,-0.18
GCAG,1882-04-06,-0.1241
GISTEMP,1882-04-06,-0.2
GCAG,1882-03-06,0.0754
GISTEMP,1882-03-06,0.01
GCAG,1882-02-06,0.0385
GISTEMP,1882-02-06,0.08
GCAG,1882-01-06,0.0883
GISTEMP,1882-01-06,0.09
GCAG,1881-12-06,-0.0439
GISTEMP,1881-12-06,-0.16
GCAG,1881-11-06,-0.2194
GISTEMP,1881-11-06,-0.26
GCAG,1881-10-06,-0.2207
GISTEMP,1881-10-06,-0.2
GCAG,1881-09-06,-0.1824
GISTEMP,1881-09-06,-0.09
GCAG,1881-08-06,-0.0519
GISTEMP,1881-08-06,-0.03
GCAG,1881-07-06,-0.0329
GISTEMP,1881-07-06,-0.07
GCAG,1881-06-06,-0.0892
GISTEMP,1881-06-06,-0.28
GCAG,1881-05-06,0.0284
GISTEMP,1881-05-06,-0.04
GCAG,1881-04-06,0.0734
GISTEMP,1881-04-06,-0.03
GCAG,1881-03-06,0.0348
GISTEMP,1881-03-06,0.01
GCAG,1881-02-06,-0.0296
GISTEMP,1881-02-06,-0.14
GCAG,1881-01-06,-0.0205
GISTEMP,1881-01-06,-0.1
GCAG,1880-12-06,-0.0775
GISTEMP,1880-12-06,-0.22
GCAG,1880-11-06,-0.2672
GISTEMP,1880-11-06,-0.19
GCAG,1880-10-06,-0.1786
GISTEMP,1880-10-06,-0.16
GCAG,1880-09-06,-0.0817
GISTEMP,1880-09-06,-0.17
GCAG,1880-08-06,-0.0725
GISTEMP,1880-08-06,-0.08
GCAG,1880-07-06,-0.1491
GISTEMP,1880-07-06,-0.24
GCAG,1880-06-06,-0.1692
GISTEMP,1880-06-06,-0.29
GCAG,1880-05-06,-0.0738
GISTEMP,1880-05-06,-0.14
GCAG,1880-04-06,-0.0499
GISTEMP,1880-04-06,-0.27
GCAG,1880-03-06,-0.1357
GISTEMP,1880-03-06,-0.18
GCAG,1880-02-06,-0.1229
GISTEMP,1880-02-06,-0.21
GCAG,1880-01-06,0.0009
GISTEMP,1880-01-06,-0.3
