StartDate,EndDate,F1,F2,F3,F4,F5,F6,F7,F8,F9,F10,F11WOC,F12,F13,F14WOC,F15WOC,F16WOC,F17,F18,F19,F20WOC,F21,M22,M23,M24,M25,M26,M27,M28,M29,M30,M31,M32,M33MOC,M34MOC,M35MOC,M36MOC,M37,M38,M39,M40,M41,M42,Age,Gender,Ethnicity,Specify_ethnicity,University,Class_standing,Class_specify,Major,GPA,History_offering,Taken_history,Grade_history,Womenclass_offer,Taken_womenclass,Grade_womenclass,Nameofwomenclass,Male_score,Female_score,POC_score,White_score,WhiteWomen_score,WhiteMen_score,POCWomen_score,POCMen_score,Overall_Reconition_Mean,random_white,Male_Score_Median,Female_Score_Median,POC_Score_Median,White_Score_Median,White_Women_Median,White_Men_Median,POC_Women_Median,POC_Men_Median,Full_Scale_Median,Random_White_Median
2/21/2018 20:44:38,2/21/2018 20:48:14,0,0,0,0,0,0,0,0,0,0,0,0,0,0,0,0,1,0,0,0,0,3,3,3,3,1,1,2,2,3,0,3,0,0,0,1,0,2,0,1,0,2,21,2,5, , ,3, ,(double major) Criminal Justice and Psychology,3.8, , , ,1,3, , ,1.42857142857143,.0476190476190476,.111111111111111,.909090909090909,.0625,1.70588235294118,0,.25,.738095238095238,.333333333333333,1,0,0,0,0,2,0,0,0,0
2/18/2018 22:46:09,2/18/2018 22:51:04,0,1,0,1,3,0,0,1,0,1,1,0,0,1,0,1,3,1,0,0,1,3,3,1,2,3,1,3,1,3,3,0,1,0,1,0,0,0,1,0,0,0,25,2,5, , ,3, ,(Newly) psychology,3.4, , , ,1,3, , ,1.23809523809524,.714285714285714,.555555555555556,1.09090909090909,.75,1.41176470588235,.6,.5,.976190476190476,.555555555555556,1,1,1,1,.5,1,1,.5,1,0
2/7/2018 15:29:35,2/7/2018 15:35:32,1,0,1,1,1,1,0,0,0,0,0,0,0,1,0,0,2,0,0,0,1,3,3,3,3,1,2,2,1,3,2,3,0,1,2,1,0,1,1,0,1,0,19,2,5, , ,3, ,"Clinical psychology, English Secondary Education",3.81, , , , , , , ,1.57142857142857,.428571428571429,.555555555555556,1.12121212121212,.5,1.70588235294118,.2,1,1,.444444444444444,1,0,0,1,0,2,0,1,1,1
1/31/2018 14:29:04,1/31/2018 14:33:32,0,0,0,0,2,0,1,0,0,1,0,0,0,1,1,0,0,0,1,1,0,3,3,3,2,3,2,3,3,3,3,3,1,2,1,1,0,3,1,1,2,0,20,2,5, , ,3, ,counseling psychology,2.6,1,2, ,1,3, , ,2.04761904761905,.380952380952381,.888888888888889,1.3030303030303,.3125,2.23529411764706,.6,1.25,1.21428571428571,.777777777777778,2,0,1,1,0,3,1,1,1,0
1/31/2018 18:08:37,1/31/2018 18:10:55,0,1,1,0,1,1,0,2,1,1,1,2,1,0,0,1,0,1,1,1,1,3,3,3,3,2,2,3,2,1,1,1,1,0,1,2,0,1,0,1,0,0,20,2,5, , ,3, ,Counseling Psychology,2.9,1,2, , , , , ,1.42857142857143,.80952380952381,.777777777777778,1.21212121212121,.875,1.52941176470588,.6,1,1.11904761904762,1.11111111111111,1,1,1,1,1,1,1,1,1,1
1/31/2018 15:29:46,1/31/2018 15:35:09,0,1,0,0,0,1,0,0,0,1,0,0,0,0,0,0,0,0,0,0,0,3,2,3,2,3,2,3,3,3,2,3,0,0,0,0,0,1,0,2,0,2,21,2,5, , ,3, ,Counseling Psychology,3.94,1,3, ,1,1,1,Women Psychology,1.61904761904762,.142857142857143,0,1.12121212121212,.1875,2,0,0,.880952380952381,.888888888888889,2,0,0,1,0,2,0,0,0,0
1/31/2018 21:38:45,1/31/2018 21:42:29,0,0,1,0,1,1,2,0,1,0,0,0,0,0,0,0,2,1,0,0,0,3,3,3,3,3,3,3,3,1,3,2,1,1,2,1,1,3,0,0,2,0,29,2,5, , ,3, ,Counseling Psychology,2.25,1,2, ,1,3, , ,1.95238095238095,.428571428571429,.555555555555556,1.36363636363636,.5625,2.11764705882353,0,1.25,1.19047619047619,.777777777777778,2,0,0,1,0,3,0,1,1,0
2/20/2018 19:10:35,2/20/2018 19:15:45,1,3,1,3,0,0,3,1,0,0,2,0,0,0,3,0,3,1,0,1,0,3,3,3,3,3,3,3,3,3,3,3,1,1,0,0,0,3,3,3,3,1,29,2,2, , ,3, ,Counseling Psychology,3.66,1,3, ,1,3, , ,2.28571428571429,1.04761904761905,.888888888888889,1.87878787878788,1,2.70588235294118,1.2,.5,1.66666666666667,1.66666666666667,3,1,1,3,.5,3,1,.5,1.5,1
2/20/2018 16:36:33,2/20/2018 16:39:54,1,1,0,1,3,0,2,1,0,2,2,0,0,0,0,1,0,0,1,2,1,3,3,3,3,3,2,3,3,3,3,3,0,1,1,0,1,3,1,3,3,0,19,2,5, , ,3, ,Counseling Psychology,4,1,3, ,1,1,1,Psychology Of Women,2.14285714285714,.857142857142857,.777777777777778,1.6969696969697,.8125,2.52941176470588,1,.5,1.5,1.55555555555556,3,1,1,2,1,3,1,.5,1,1
1/31/2018 14:23:14,1/31/2018 14:25:54,0,1,0,0,0,0,0,0,0,0,0,0,0,0,0,0,0,0,0,0,0,3,3,3,0,3,3,0,0,0,3,0,0,0,0,0,0,2,0,2,0,0,42,1,5, , ,3, ,"Counseling Psychology, History", ,1,2, , , , , ,1.04761904761905,.0476190476190476,0,.696969696969697,.0625,1.29411764705882,0,0,.547619047619048,.777777777777778,0,0,0,0,0,0,0,0,0,0
1/31/2018 13:16:50,1/31/2018 13:22:27,2,0,0,1,1,0,0,1,0,0,1,0,0,0,0,0,2,0,0,1,0,3,3,3,0,2,3,3,3,0,2,2,0,1,0,1,0,1,0,1,1,0,21,1,5, , ,3, ,Crimanal Justice and Pych,3.2,1,2, , , , , ,1.38095238095238,.428571428571429,.444444444444444,1.03030303030303,.4375,1.58823529411765,.4,.5,.904761904761905,.888888888888889,1,0,0,1,0,2,0,.5,.5,1
2/18/2018 17:14:47,2/18/2018 17:17:41,3,3,0,0,0,0,0,0,0,0,0,0,0,0,0,0,0,0,0,0,0,3,3,0,3,0,3,3,0,3,0,0,0,0,0,2,0,0,0,2,0,0,20,2,5, , ,3, ,Criminal Justice & Psychology,3.5, , , ,1,3, , ,1.04761904761905,.285714285714286,.222222222222222,.787878787878788,.375,1.17647058823529,0,.5,.666666666666667,.777777777777778,0,0,0,0,0,0,0,0,0,0
2/2/2018 9:22:19,2/2/2018 9:25:07,0,0,1,1,0,0,0,0,1,0,2,1,0,0,0,2,2,0,0,1,0,3,3,3,2,0,1,1,0,1,3,3,0,0,0,0,0,1,2,2,0,0,20,1,5, , ,3, ,Criminology and Psychology,3.22,1,2, ,1,3, , ,1.19047619047619,.523809523809524,.555555555555556,.939393939393939,.375,1.47058823529412,1,0,.857142857142857,.555555555555556,1,0,0,1,0,1,1,0,0,0
1/31/2018 13:05:57,1/31/2018 13:09:11,0,0,0,0,0,0,0,0,0,0,0,0,0,0,0,0,0,0,0,0,0,3,3,3,2,2,0,3,2,2,3,3,0,0,0,0,0,0,0,0,0,0,20,1,5, , ,3, ,exercise science and psychology,3.26, , , ,1,3, , ,1.23809523809524,0,0,.787878787878788,0,1.52941176470588,0,0,.619047619047619,.222222222222222,0,0,0,0,0,2,0,0,0,0
2/20/2018 11:40:16,2/20/2018 11:43:01,0,1,1,3,1,0,0,0,0,0,1,2,0,0,0,0,0,1,0,0,0,3,3,2,3,1,0,2,3,3,2,3,1,0,1,1,0,3,1,2,1,1,20,2,5, , ,3, ,General Psychology,3.6,1,2, ,1,3, , ,1.71428571428571,.476190476190476,.444444444444444,1.27272727272727,.5625,1.94117647058824,.2,.75,1.0952380952381,1,2,0,0,1,0,2,0,1,1,1
1/31/2018 15:16:02,1/31/2018 15:20:50,1,1,0,0,2,1,1,0,0,0,1,0,0,0,0,1,1,1,1,1,0,3,2,2,3,3,3,2,2,2,2,3,0,0,1,2,1,0,0,0,2,0, ,2,5, , ,3, ,GENERAL PSYCHOLOGY,3.5,1,2, , , , , ,1.57142857142857,.571428571428571,.666666666666667,1.18181818181818,.5625,1.76470588235294,.6,.75,1.07142857142857,.888888888888889,2,1,1,1,.5,2,1,.5,1,1
2/19/2018 7:06:32,2/19/2018 7:09:16,3,3,3,0,2,0,0,0,0,0,0,0,0,0,0,0,0,0,0,0,0,3,3,3,3,3,3,3,3,2,2,1,0,0,0,0,2,0,1,2,0,0, ,1,5, , ,3, ,Psych,3.2,1,2, , , , , ,1.61904761904762,.523809523809524,0,1.36363636363636,.6875,2,0,0,1.07142857142857,1.11111111111111,2,0,0,1,0,2,0,0,0,0
2/18/2018 20:20:55,2/18/2018 20:23:54,2,0,0,0,0,0,0,0,0,0,0,1,0,0,0,0,0,0,0,0,0,3,2,3,0,1,2,3,0,1,0,0,0,0,0,0,0,0,0,1,0,0,24,1,5, , ,3, ,Psych/Criminal Justice,3.2, , , ,1,2, ,Psychology of Gender,.761904761904762,.142857142857143,0,.575757575757576,.1875,.941176470588235,0,0,.452380952380952,.666666666666667,0,0,0,0,0,0,0,0,0,0
2/19/2018 17:03:40,2/20/2018 9:36:24,0,0,0,0,1,0,0,0,0,0,0,0,0,1,0,0,2,1,0,0,0,3,3,3,2,0,1,3,0,1,3,0,0,0,0,1,0,0,0,0,0,0,21,2,5, , ,3, ,psycholgy,3.15,1,2, ,1,3, , ,.952380952380952,.238095238095238,.222222222222222,.696969696969697,.25,1.11764705882353,.2,.25,.595238095238095,.111111111111111,0,0,0,0,0,0,0,0,0,0
2/2/2018 9:36:22,2/2/2018 9:39:52,0,1,1,1,0,0,0,0,0,0,0,0,0,0,0,0,0,0,0,0,0,2,3,3,2,0,0,1,1,2,2,2,0,0,0,0,0,2,1,2,0,0,20,2,5, , ,3, ,Psychological science,3.4,1,3, ,2, , , ,1.0952380952381,.142857142857143,0,.787878787878788,.1875,1.35294117647059,0,0,.619047619047619,.444444444444444,1,0,0,0,0,2,0,0,0,0
2/3/2018 14:25:19,2/3/2018 14:29:16,3,2,1,0,0,3,0,0,0,0,3,0,1,0,0,1,0,0,0,0,0,3,3,3,3,3,2,3,2,3,3,3,0,0,0,0,0,0,3,3,1,0,26,2,3, , ,3, ,Psychological science,3.4,1,3, ,1,3, , ,1.80952380952381,.666666666666667,.444444444444444,1.45454545454545,.625,2.23529411764706,.8,0,1.23809523809524,1.77777777777778,3,0,0,1,0,3,0,0,.5,3
2/2/2018 10:56:39,2/2/2018 11:01:42,0,2,0,1,2,0,0,0,1,0,0,0,0,0,0,0,1,0,0,0,0,3,3,3,2,1,3,3,1,1,2,3,0,0,1,0,0,2,2,3,2,0,20,1,5, , ,3, ,Psychological Science,3.27,1,2, , , , , ,1.66666666666667,.333333333333333,.111111111111111,1.24242424242424,.4375,2,0,.25,1,1,2,0,0,1,0,2,0,0,.5,0
2/8/2018 12:58:15,2/8/2018 13:01:11,0,1,3,0,2,0,0,0,0,0,0,0,0,2,0,0,0,0,0,0,0,3,0,1,0,2,0,0,1,2,1,0,0,0,1,0,0,0,0,0,0,0,20,1,5, , ,3, ,Psychological Science,2.6,1,3, , , , , ,.523809523809524,.380952380952381,.333333333333333,.484848484848485,.375,.588235294117647,.4,.25,.452380952380952,.222222222222222,0,0,0,0,0,0,0,0,0,0
2/2/2018 10:08:24,2/2/2018 10:11:24,0,0,0,0,1,0,0,0,0,1,0,1,0,0,0,0,0,0,0,0,0,3,3,3,2,1,3,3,1,2,1,3,0,0,0,0,0,0,2,1,1,0,20,2,5, , ,3, ,Psychological Science,3.78,1,2, ,2, , , ,1.38095238095238,.142857142857143,0,.96969696969697,.1875,1.70588235294118,0,0,.761904761904762,.555555555555556,1,0,0,1,0,2,0,0,0,1
2/11/2018 22:41:24,2/11/2018 22:49:28,1,1,0,0,2,1,0,0,0,0,0,0,0,0,0,0,2,0,0,0,0,3,2,3,2,2,3,2,2,3,3,3,0,0,0,0,3,0,0,1,0,1,20,1,5, , ,3, ,Psychological Science,3.5,1,3, , , , , ,1.57142857142857,.333333333333333,0,1.21212121212121,.4375,1.94117647058824,0,0,.952380952380952,.666666666666667,2,0,0,1,0,2,0,0,0,0
2/11/2018 22:37:36,2/11/2018 22:40:57,1,1,0,0,1,1,0,0,0,0,0,0,0,0,0,0,2,0,0,0,0,3,2,3,2,1,2,2,1,3,3,3,0,0,0,0,3,0,0,1,0,1,20,1,5, , ,3, ,Psychological Science,3.5,1,3, , , , , ,1.42857142857143,.285714285714286,0,1.09090909090909,.375,1.76470588235294,0,0,.857142857142857,.555555555555556,1,0,0,1,0,2,0,0,0,0
2/2/2018 14:05:16,2/2/2018 14:10:22,2,2,0,0,2,1,1,0,1,0,0,0,0,0,0,0,3,0,0,0,0,3,3,3,1,3,0,3,3,2,3,2,0,1,0,0,0,1,1,2,0,0,20,2,5, , ,3, ,Psychological Science,3,1,1,3,1,3, , ,1.47619047619048,.571428571428571,.111111111111111,1.27272727272727,.75,1.76470588235294,0,.25,1.02380952380952,1.11111111111111,1,0,0,1,0,2,0,0,.5,1
2/7/2018 8:54:42,2/7/2018 9:03:21,2,3,1,1,2,1,1,0,0,1,1,0,1,1,0,1,2,1,0,1,0,3,3,3,3,3,3,3,3,3,3,3,1,1,0,0,1,2,1,3,2,0,36,1,5, , ,3, ,Psychological Science,4,1,2, , , , , ,2.0952380952381,.952380952380952,.666666666666667,1.75757575757576,1,2.47058823529412,.8,.5,1.52380952380952,1.66666666666667,3,1,1,2,1,3,1,.5,1,1
2/8/2018 12:53:35,2/8/2018 12:56:40,0,0,0,0,0,0,0,0,0,0,0,0,0,0,0,0,0,0,0,0,0,3,3,3,3,2,1,1,2,3,3,1,0,0,0,0,0,0,0,0,0,0,22,2,3, , ,3, ,psychology,2.14,2, , ,1,3, , ,1.19047619047619,0,0,.757575757575758,0,1.47058823529412,0,0,.595238095238095,.222222222222222,1,0,0,0,0,1,0,0,0,0
2/12/2018 19:06:57,2/12/2018 19:13:14,0,1,0,0,1,0,0,0,1,0,0,0,0,0,0,0,0,0,0,0,0,3,3,2,3,1,0,2,2,3,2,0,0,1,0,0,0,0,1,0,0,1,27,2,3, , ,3, ,psychology,2.6,1,3, ,1,3, , ,1.14285714285714,.142857142857143,.111111111111111,.787878787878788,.1875,1.35294117647059,0,.25,.642857142857143,.111111111111111,1,0,0,0,0,1,0,0,0,0
1/31/2018 15:43:30,1/31/2018 15:46:04,0,2,2,1,1,2,3,2,3,1,1,0,2,2,1,1,1,0,0,1,0,3,3,3,3,1,3,2,3,3,3,0,2,1,0,0,2,2,3,3,3,3,34,2,5, , ,3, ,psychology,3,1,1,2, , , , ,2.19047619047619,1.23809523809524,1,1.90909090909091,1.25,2.52941176470588,1.2,.75,1.71428571428571,1.55555555555556,3,1,1,2,1,3,1,.5,2,2
1/31/2018 13:43:33,1/31/2018 13:46:08,0,0,0,0,0,1,0,0,1,0,0,0,0,0,0,0,0,0,0,1,0,3,3,2,2,2,1,2,2,2,1,3,0,0,0,0,0,1,0,2,0,0,21,2,2, , ,3, ,psychology,2.7,1,2, , , , , ,1.23809523809524,.142857142857143,.111111111111111,.848484848484849,.125,1.52941176470588,.2,0,.69047619047619,.777777777777778,1,0,0,0,0,2,0,0,0,0
2/2/2018 10:01:08,2/2/2018 10:04:17,0,1,0,0,0,0,1,0,0,0,0,0,0,0,0,2,1,0,0,0,0,3,2,2,3,0,0,0,1,2,2,2,0,0,0,0,0,2,2,2,0,0,20,2,5, , ,3, ,psychology,2.5,1,2, , , , , ,1.0952380952381,.238095238095238,.222222222222222,.787878787878788,.1875,1.35294117647059,.4,0,.666666666666667,.444444444444444,1,0,0,0,0,2,0,0,0,0
2/9/2018 20:25:34,2/9/2018 20:28:28,0,2,1,0,0,0,0,0,0,0,0,0,0,0,0,0,0,0,0,0,0,3,3,0,3,0,3,3,3,3,0,0,0,0,0,1,1,3,2,3,0,0,21,2,3, , ,3, ,psychology,3.3,1,1,1,1,3, , ,1.47619047619048,.142857142857143,.111111111111111,1,.1875,1.76470588235294,0,.25,.80952380952381,.666666666666667,1,0,0,0,0,3,0,0,0,0
2/23/2018 13:22:59,2/23/2018 13:28:29,1,1,0,0,0,0,0,0,0,0,0,0,0,1,0,0,0,0,0,0,0,3,2,2,2,1,1,2,1,0,0,0,0,0,0,0,0,0,1,0,0,0,42,1,5, , ,3, ,psychology,3.7,1,2, ,1,3, , ,.714285714285714,.142857142857143,.111111111111111,.515151515151515,.125,.882352941176471,.2,0,.428571428571429,.222222222222222,0,0,0,0,0,1,0,0,0,0
1/31/2018 12:50:38,1/31/2018 12:53:10,0,0,0,2,2,0,0,0,0,0,1,0,0,0,0,0,0,0,0,0,0,3,2,3,3,3,2,2,2,3,3,3,0,0,0,0,0,2,1,3,2,0,22,2,5, , ,3, ,Psychology,3.8,1,2, , , , , ,1.76190476190476,.238095238095238,.111111111111111,1.24242424242424,.25,2.17647058823529,.2,0,1,1.22222222222222,2,0,0,1,0,2,0,0,0,0
2/6/2018 10:35:24,2/6/2018 10:38:17,0,0,0,0,0,0,0,0,0,0,0,0,0,0,0,0,1,0,0,0,0,3,2,2,1,2,2,2,1,1,1,1,0,0,0,0,0,0,1,0,0,0,29,2,3, , ,3, ,Psychology,3.3,1,2, ,1,3, , ,.904761904761905,.0476190476190476,0,.606060606060606,.0625,1.11764705882353,0,0,.476190476190476,.222222222222222,1,0,0,0,0,1,0,0,0,0
2/7/2018 9:48:27,2/7/2018 9:50:33,0,3,0,0,2,0,0,2,0,0,0,0,0,0,0,0,0,0,0,0,0,3,1,0,3,3,0,1,0,3,0,1,0,0,0,0,0,1,0,2,1,0, ,2,3, , ,3, ,Psychology,3.56,1,3, ,1,3, , ,.904761904761905,.333333333333333,0,.787878787878788,.4375,1.11764705882353,0,0,.619047619047619,1.11111111111111,0,0,0,0,0,1,0,0,0,0
2/7/2018 10:51:05,2/7/2018 10:53:53,0,0,0,0,0,0,0,0,0,1,0,0,0,0,0,0,0,1,0,0,0,2,1,0,1,1,0,2,0,2,1,0,0,0,1,1,0,0,0,0,0,0,22,2,3, , ,3, ,Psychology,3.2,1,3, ,1,3, , ,.571428571428571,.0952380952380952,.222222222222222,.363636363636364,.125,.588235294117647,0,.5,.333333333333333,.222222222222222,0,0,0,0,0,0,0,.5,0,0
2/9/2018 15:38:36,2/9/2018 15:41:47,0,0,0,0,0,0,0,0,0,0,0,0,0,1,0,0,1,0,0,1,0,3,2,0,2,0,0,0,0,1,1,0,0,0,0,0,0,0,0,0,0,0,20,2,3, , ,3, ,Psychology,3, , , , , , , ,.428571428571429,.142857142857143,.222222222222222,.303030303030303,.0625,.529411764705882,.4,0,.285714285714286,0,0,0,0,0,0,0,0,0,0,0
1/31/2018 21:49:29,1/31/2018 23:41:16,0,0,1,0,3,1,2,0,0,0,0,0,0,0,0,0,0,0,0,2,0,3,3,3,3,3,0,3,0,3,1,0,0,0,1,0,0,3,1,0,1,0,27,1,3, , ,3, ,Psychology,1.98,1,2, ,1,3, , ,1.33333333333333,.428571428571429,.333333333333333,1.03030303030303,.4375,1.58823529411765,.4,.25,.880952380952381,.555555555555556,1,0,0,0,0,1,0,0,0,0
2/20/2018 12:56:40,2/20/2018 12:59:14,0,0,0,0,0,0,0,0,0,0,0,0,0,0,0,0,0,0,0,0,0,2,2,1,1,0,1,2,0,2,0,0,0,0,1,0,0,0,0,0,0,0,22,1,5, , ,3, ,Psychology,3.5, , , , , , , ,.571428571428571,0,.111111111111111,.333333333333333,0,.647058823529412,0,.25,.285714285714286,0,0,0,0,0,0,0,0,0,0,0
2/21/2018 8:14:33,2/21/2018 8:17:41,0,0,0,0,0,0,0,0,0,0,0,0,0,0,0,0,0,0,0,0,0,3,2,3,2,2,2,1,2,0,0,3,1,0,0,0,0,0,0,1,0,0, ,2,5, , ,3, ,Psychology,3.4,1,2, , , , , ,1.04761904761905,0,.111111111111111,.636363636363636,0,1.23529411764706,0,.25,.523809523809524,.444444444444444,1,0,0,0,0,1,0,0,0,0
2/1/2018 12:54:43,2/1/2018 12:57:50,0,1,0,0,2,0,0,0,0,0,0,0,0,0,0,0,0,0,0,0,0,3,3,3,3,1,0,3,1,3,3,3,0,0,0,0,0,2,0,0,0,0,21,2,5, , ,3, ,Psychology,3.7,1,2, , , , , ,1.33333333333333,.142857142857143,0,.939393939393939,.1875,1.64705882352941,0,0,.738095238095238,.111111111111111,1,0,0,0,0,2,0,0,0,0
1/31/2018 23:39:39,1/31/2018 23:45:39,0,0,0,0,0,0,0,0,0,0,0,0,0,0,1,0,0,0,0,0,0,3,3,3,2,3,3,3,0,3,3,3,0,0,0,0,0,1,3,0,0,0,20,2,6,White/Hispanic,Colorado Mesa University,3, ,Psychology,3.5, , , , , , , ,1.57142857142857,.0476190476190476,.111111111111111,1,0,1.94117647058824,.2,0,.80952380952381,.333333333333333,2,0,0,0,0,3,0,0,0,0
2/22/2018 12:13:51,2/22/2018 12:15:44,0,2,0,0,1,0,0,0,0,0,0,0,0,0,0,0,0,0,0,0,0,3,3,3,3,0,2,3,0,3,0,3,0,0,0,0,0,0,0,0,0,0,22,2,5, , ,3, ,Psychology,2.2,1,2, ,1,3, , ,1.0952380952381,.142857142857143,0,.787878787878788,.1875,1.35294117647059,0,0,.619047619047619,0,0,0,0,0,0,0,0,0,0,0
2/8/2018 14:30:06,2/8/2018 14:32:51,0,2,3,0,2,0,1,0,0,0,1,0,0,0,1,0,1,0,2,1,0,3,3,3,3,1,2,3,2,3,3,3,1,0,0,0,0,2,3,2,1,0,20,2,5, , ,3, ,Psychology,3.9,2, , ,2, , , ,1.80952380952381,.666666666666667,.444444444444444,1.45454545454545,.6875,2.17647058823529,.6,.25,1.23809523809524,.666666666666667,2,0,0,2,0,3,1,0,1,0
2/21/2018 11:30:39,2/21/2018 11:33:59,0,0,0,0,1,0,0,0,0,0,0,0,0,0,0,0,0,1,0,0,0,3,1,2,0,0,1,3,3,1,1,0,0,0,0,0,0,1,0,0,1,3,22,2,6,Asian and Caucasian,Colorado Mesa University,3, ,Psychology,3.45,1,2, , , , , ,.952380952380952,.0952380952380952,0,.666666666666667,.125,1.17647058823529,0,0,.523809523809524,.222222222222222,1,0,0,0,0,1,0,0,0,0
2/20/2018 10:49:22,2/20/2018 10:51:41,0,3,0,2,3,0,0,0,0,0,0,3,0,0,0,1,0,0,0,0,1,3,3,3,3,3,3,3,3,3,3,0,0,0,0,0,0,1,0,0,0,0,21,2,5, , ,3, ,Psychology,3.78,1,2, ,1,3, , ,1.47619047619048,.619047619047619,.111111111111111,1.3030303030303,.75,1.82352941176471,.2,0,1.04761904761905,.666666666666667,1,0,0,0,0,3,0,0,0,0
1/31/2018 12:51:14,1/31/2018 12:55:09,0,0,2,0,0,0,1,0,1,0,0,0,0,0,1,1,0,1,1,0,0,3,3,3,3,3,2,3,3,3,3,3,0,1,1,0,0,2,2,0,1,0,21,2,5, , ,3, ,Psychology,2.77,1,1,2, , , , ,1.85714285714286,.380952380952381,.444444444444444,1.3030303030303,.375,2.17647058823529,.4,.5,1.11904761904762,.555555555555556,2,0,0,1,0,3,0,.5,1,0
2/8/2018 15:17:00,2/8/2018 15:21:51,0,1,0,0,2,0,0,1,0,0,1,0,0,0,0,0,0,0,2,0,0,3,3,3,1,2,2,3,1,3,3,2,0,0,0,0,0,2,1,0,0,0,33,1,5, , ,3, ,Psychology,3.88, , , , , , , ,1.38095238095238,.333333333333333,.111111111111111,1.06060606060606,.375,1.70588235294118,.2,0,.857142857142857,.333333333333333,1,0,0,1,0,2,0,0,0,0
2/2/2018 10:34:28,2/2/2018 10:38:18,0,1,0,0,2,0,0,0,0,0,0,0,0,0,0,1,0,0,0,0,0,3,3,3,3,3,3,3,0,3,3,3,0,0,0,0,0,2,1,0,3,0,51,2,5, , ,3, ,Psychology,3.2, , , , , , , ,1.71428571428571,.19047619047619,.111111111111111,1.18181818181818,.1875,2.11764705882353,.2,0,.952380952380952,.666666666666667,3,0,0,0,0,3,0,0,0,0
2/8/2018 17:27:57,2/8/2018 17:33:24,0,1,0,1,1,1,2,0,1,1,0,1,0,1,1,1,1,0,1,0,1,3,3,3,2,1,1,2,3,3,3,0,1,0,0,0,0,3,3,3,1,0,23,2,5, , ,3, ,Psychology,3.9, , , , , , , ,1.66666666666667,.714285714285714,.444444444444444,1.39393939393939,.75,2,.6,.25,1.19047619047619,1.11111111111111,2,1,0,1,1,3,1,0,1,1
2/2/2018 9:40:55,2/2/2018 12:36:32,0,0,3,0,0,0,0,0,0,0,0,0,1,0,1,0,2,0,0,0,0,3,1,3,2,0,0,1,1,1,1,1,0,0,0,0,0,1,1,0,1,0,20,2,5, , ,3, ,Psychology,3.75,1,2, , , , , ,.80952380952381,.333333333333333,.111111111111111,.696969696969697,.375,1,.2,0,.571428571428571,.111111111111111,1,0,0,0,0,1,0,0,0,0
2/4/2018 7:44:01,2/4/2018 7:48:04,0,1,0,0,0,0,0,0,0,0,0,0,0,0,0,0,0,0,0,0,0,3,3,3,3,1,0,3,2,3,2,3,0,0,3,0,0,3,3,0,0,0,36,2,3, , ,3, ,Psychology,3.5,1,2, , , , , ,1.66666666666667,.0476190476190476,.333333333333333,1,.0625,1.88235294117647,0,.75,.857142857142857,.111111111111111,2,0,0,0,0,3,0,0,0,0
2/3/2018 9:59:55,2/3/2018 10:02:59,0,1,0,0,0,0,1,0,0,0,0,0,0,0,0,0,0,0,0,0,0,3,3,3,2,1,1,3,1,2,1,2,0,0,0,0,0,2,0,1,0,0,21,2,5, , ,3, ,Psychology,2.55,1,2, ,2, , , ,1.19047619047619,.0952380952380952,0,.818181818181818,.125,1.47058823529412,0,0,.642857142857143,.333333333333333,1,0,0,0,0,1,0,0,0,0
2/6/2018 10:51:59,2/6/2018 10:54:51,0,1,0,0,2,0,0,0,0,0,0,0,0,0,0,0,3,0,0,0,0,3,3,3,2,0,0,3,1,2,3,3,0,1,0,0,0,1,1,0,0,0,20,2,5, , ,3, ,Psychology,3.5,1,2, ,1,3, , ,1.23809523809524,.285714285714286,.111111111111111,.939393939393939,.375,1.47058823529412,0,.25,.761904761904762,0,1,0,0,0,0,1,0,0,0,0
2/8/2018 16:43:08,2/8/2018 16:45:01,0,1,0,0,2,0,0,0,0,0,0,0,0,0,0,0,1,0,0,0,0,3,3,3,2,1,1,3,2,1,0,3,0,0,0,0,0,3,0,3,0,0,19,2,5, , ,3, ,Psychology,3.3,1,3, , , , , ,1.33333333333333,.19047619047619,0,.96969696969697,.25,1.64705882352941,0,0,.761904761904762,.777777777777778,1,0,0,0,0,2,0,0,0,0
2/8/2018 17:24:57,2/8/2018 17:28:05,0,0,0,0,2,0,3,0,1,0,0,0,1,0,0,0,0,0,1,0,0,3,3,3,3,2,0,0,3,3,3,0,1,0,2,0,0,3,3,0,1,1,24,2,2, , ,3, ,Psychology,2.6,1,3, , , , , ,1.61904761904762,.380952380952381,.333333333333333,1.18181818181818,.5,1.82352941176471,0,.75,1,.333333333333333,2,0,0,1,0,3,0,.5,0,0
2/12/2018 13:04:20,2/12/2018 13:07:50,0,0,0,0,3,0,0,1,1,0,0,0,1,1,0,0,2,2,0,0,2,3,3,2,3,0,0,0,2,2,3,0,0,0,1,0,0,2,0,0,0,0,20,2,5, , ,3, ,Psychology,3.2,1,3, ,1,2, ,sociology of gender,1,.619047619047619,.222222222222222,.96969696969697,.75,1.17647058823529,.2,.25,.80952380952381,.333333333333333,0,0,0,0,0,0,0,0,0,0
2/5/2018 14:18:18,2/5/2018 14:21:32,0,1,1,1,0,0,1,0,0,0,0,0,0,0,0,0,0,0,0,0,0,2,2,2,1,1,1,1,1,1,1,1,0,0,0,1,0,2,1,0,0,0,21,2,5, , ,3, ,Psychology,3.6, , , , , , , ,.857142857142857,.19047619047619,.111111111111111,.636363636363636,.25,1,0,.25,.523809523809524,.111111111111111,1,0,0,1,0,1,0,0,0,0
2/18/2018 15:59:20,2/18/2018 16:02:20,0,0,0,0,2,0,0,0,0,0,0,0,0,0,0,0,0,0,0,1,0,3,3,3,1,3,3,3,0,2,2,0,0,1,0,0,0,1,1,0,0,0,21,2,3, , ,3, ,Psychology,3.5,2, , ,1,3, , ,1.23809523809524,.142857142857143,.222222222222222,.818181818181818,.125,1.47058823529412,.2,.25,.69047619047619,.333333333333333,1,0,0,0,0,1,0,0,0,0
2/18/2018 17:24:55,2/18/2018 17:34:51,0,0,1,0,1,2,1,0,2,0,0,0,1,0,0,0,0,0,0,2,0,3,3,3,3,2,1,3,2,3,1,2,1,0,1,1,0,0,1,1,2,0,21,2,5, , ,3, ,Psychology,2.5, , , ,1,2, ,The Psychology of Gender,1.57142857142857,.476190476190476,.555555555555556,1.15151515151515,.5,1.76470588235294,.4,.75,1.02380952380952,.888888888888889,1,0,0,1,0,2,0,1,1,1
2/18/2018 18:24:07,2/18/2018 18:26:59,0,0,0,0,1,0,1,0,0,1,0,0,0,0,0,0,0,0,0,0,0,3,2,0,3,0,0,1,0,2,0,2,0,0,0,0,0,1,0,3,0,0,21,1,3, , ,3, ,Psychology,3.1, , , ,1,3, , ,.80952380952381,.142857142857143,0,.606060606060606,.1875,1,0,0,.476190476190476,.666666666666667,0,0,0,0,0,0,0,0,0,0
2/19/2018 19:47:49,2/19/2018 19:51:09,0,0,3,0,1,0,0,0,0,0,0,0,0,0,0,0,2,0,0,0,0,3,3,3,3,1,2,2,1,3,3,3,0,0,0,0,0,2,0,0,0,0,19,2,5, , ,3, ,Psychology,3.7,1,2, ,1,3, , ,1.38095238095238,.285714285714286,0,1.06060606060606,.375,1.70588235294118,0,0,.833333333333333,.111111111111111,1,0,0,0,0,2,0,0,0,0
2/18/2018 16:10:27,2/18/2018 16:12:49,0,0,0,0,0,0,0,0,0,0,0,0,0,0,0,0,0,0,0,0,0,3,2,3,3,1,2,3,2,3,1,1,0,1,0,1,0,3,2,1,0,2,20,2,5, , ,3, ,Psychology,3.7, , , ,2, , , ,1.61904761904762,0,.222222222222222,.96969696969697,0,1.88235294117647,0,.5,.80952380952381,.333333333333333,2,0,0,0,0,2,0,.5,0,0
2/18/2018 21:32:35,2/18/2018 21:37:00,0,0,0,1,2,0,0,0,0,0,0,0,0,0,0,1,1,0,0,0,0,3,0,3,3,1,1,1,0,2,1,3,0,0,0,0,0,2,0,0,0,0,19,2,5, , ,3, ,Psychology,3.45, , , ,1,3, , ,.952380952380952,.238095238095238,.111111111111111,.727272727272727,.25,1.17647058823529,.2,0,.595238095238095,.111111111111111,0,0,0,0,0,1,0,0,0,0
3/1/2018 12:32:49,3/1/2018 12:36:59,0,0,3,2,2,0,0,0,0,0,0,0,0,1,0,0,1,0,0,0,0,3,3,3,3,1,3,2,3,3,0,3,0,0,0,1,0,2,1,0,3,0,21,2,6,mixed,Boise State University,3, ,Psychology,3.76,1,1,1,1,3, , ,1.61904761904762,.428571428571429,.222222222222222,1.24242424242424,.5,1.94117647058824,.2,.25,1.02380952380952,.444444444444444,2,0,0,1,0,3,0,0,0,0
2/18/2018 18:36:03,2/18/2018 19:32:55,0,0,0,0,1,0,0,0,1,0,0,0,0,0,0,0,0,0,0,0,0,3,3,3,1,1,1,3,2,1,1,1,0,0,0,0,0,0,0,0,1,0,21,1,5, , ,3, ,Psychology,3, , , , , , , ,1,.0952380952380952,0,.696969696969697,.125,1.23529411764706,0,0,.547619047619048,.222222222222222,1,0,0,0,0,1,0,0,0,0
2/18/2018 17:46:44,2/18/2018 17:49:57,0,0,0,0,1,0,0,0,0,0,0,0,0,0,0,0,0,0,0,0,0,2,1,2,2,1,0,3,1,1,0,0,0,0,1,1,0,0,0,0,0,0,20,2,5, , ,3, ,Psychology,2.73,2, , ,2, , , ,.714285714285714,.0476190476190476,.222222222222222,.424242424242424,.0625,.764705882352941,0,.5,.380952380952381,.111111111111111,0,0,0,0,0,0,0,.5,0,0
2/19/2018 8:06:30,2/19/2018 8:11:05,0,0,0,0,2,0,0,0,0,0,0,0,0,0,0,2,3,0,0,0,0,3,3,3,3,3,3,3,3,3,3,0,0,0,0,1,0,1,0,3,0,0,26,2,5, , ,3, ,Psychology,3.2, , , ,2, , , ,1.66666666666667,.333333333333333,.333333333333333,1.18181818181818,.3125,2,.4,.25,1,1,3,0,0,0,0,3,0,0,0,0
2/18/2018 16:06:49,2/18/2018 16:09:56,0,1,0,0,2,0,0,0,0,1,2,0,0,0,0,0,3,0,0,0,0,3,2,3,3,3,2,2,0,2,2,2,0,0,0,0,0,2,1,1,0,0,22,2,5, , ,3, ,Psychology,4, , , , , , , ,1.33333333333333,.428571428571429,.222222222222222,1.06060606060606,.4375,1.64705882352941,.4,0,.880952380952381,.555555555555556,2,0,0,1,0,2,0,0,0,0
2/3/2018 17:19:11,2/3/2018 17:23:08,1,1,1,0,2,1,2,0,0,0,0,0,0,0,1,1,1,0,1,0,0,3,2,3,3,3,3,3,3,3,2,3,0,0,0,0,0,0,1,2,2,0,29,2,5, , ,3, ,Psychology,3.63,1,2, ,1,3, , ,1.71428571428571,.571428571428571,.222222222222222,1.39393939393939,.625,2.11764705882353,.4,0,1.14285714285714,1.22222222222222,2,0,0,1,.5,3,0,0,1,1
1/31/2018 13:46:09,1/31/2018 13:49:00,1,3,0,3,2,0,0,1,1,0,1,1,0,0,1,0,1,0,0,0,0,3,3,3,3,3,3,3,3,3,3,3,2,0,2,0,0,3,0,1,1,0,21,2,5, , ,3, ,Psychology,3.5,1,3, ,2, , , ,2,.714285714285714,.666666666666667,1.54545454545455,.8125,2.23529411764706,.4,1,1.35714285714286,1,3,0,0,1,.5,3,0,1,1,1
1/31/2018 20:54:20,1/31/2018 20:57:46,1,1,1,0,2,0,2,0,0,1,0,0,1,0,0,0,0,0,0,0,0,3,3,3,3,3,3,1,0,2,2,0,0,0,0,0,0,0,0,1,0,0,20,1,5, , ,3, ,Psychology,3,1,2, ,1,3, , ,1.14285714285714,.428571428571429,0,1,.5625,1.41176470588235,0,0,.785714285714286,.666666666666667,0,0,0,1,0,1,0,0,0,0
2/2/2018 14:19:04,2/2/2018 14:22:15,1,1,1,0,1,0,0,0,0,0,0,1,0,0,0,0,3,0,0,0,0,3,3,3,2,2,2,3,2,2,3,3,0,0,0,0,1,1,3,2,3,0,19,2,5, , ,3, ,Psychology,4,1,2, , , , , ,1.80952380952381,.380952380952381,0,1.39393939393939,.5,2.23529411764706,0,0,1.0952380952381,1.22222222222222,2,0,0,1,0,2,0,0,1,1
2/2/2018 9:22:53,2/2/2018 9:26:37,1,1,3,0,0,0,0,0,0,0,0,0,0,0,0,0,1,0,0,0,0,3,3,3,3,3,3,3,3,3,3,3,0,0,0,0,0,1,2,0,3,0,20,2,5, , ,3, ,Psychology,3.9,1,2, ,2, , , ,1.85714285714286,.285714285714286,0,1.36363636363636,.375,2.29411764705882,0,0,1.07142857142857,.777777777777778,3,0,0,1,0,3,0,0,0,0
2/20/2018 17:23:12,2/20/2018 17:27:23,1,1,0,0,1,0,1,0,0,0,0,1,0,1,1,2,0,1,0,2,0,3,0,2,2,2,0,3,2,1,2,1,1,1,1,1,1,2,0,0,1,0,52,1,5, , ,3, ,Psychology,3.3,2, , ,2, , , ,1.23809523809524,.571428571428571,1.11111111111111,.848484848484849,.375,1.29411764705882,1.2,1,.904761904761905,.666666666666667,1,0,1,1,0,1,1,1,1,1
2/2/2018 9:22:37,2/2/2018 9:25:18,2,2,1,0,2,0,0,0,0,0,1,0,0,0,0,0,0,0,0,0,0,3,3,3,2,3,3,3,3,2,3,3,0,0,0,0,0,0,3,2,3,0,20,2,5, , ,3, ,Psychology,3.8,1,2, , , , , ,1.85714285714286,.380952380952381,.111111111111111,1.39393939393939,.4375,2.29411764705882,.2,0,1.11904761904762,1.33333333333333,3,0,0,2,0,3,0,0,0,2
2/18/2018 17:04:11,2/18/2018 17:27:02,2,3,1,2,2,3,2,1,2,2,2,2,2,2,1,2,3,1,3,1,1,3,3,3,3,3,3,3,2,3,1,3,3,1,3,2,3,2,2,2,2,1,25,1,5, , ,3, ,Psychology,2.5, , , ,2, , , ,2.42857142857143,1.9047619047619,1.88888888888889,2.24242424242424,2,2.47058823529412,1.6,2.25,2.16666666666667,2,3,2,2,2,2,3,2,2.5,2,2
2/19/2018 14:10:14,2/19/2018 14:13:32,2,2,1,2,1,0,0,0,0,0,0,0,0,0,0,0,0,0,0,0,0,3,3,3,3,2,2,3,2,3,2,2,0,0,0,0,0,1,0,0,0,0,20,2,5, , ,3, ,Psychology,3.8,2, , , , , , ,1.38095238095238,.380952380952381,0,1.12121212121212,.5,1.70588235294118,0,0,.880952380952381,.444444444444444,2,0,0,1,0,2,0,0,0,0
2/7/2018 21:16:49,2/7/2018 21:21:52,3,0,0,0,2,0,0,0,0,0,1,0,0,0,0,0,0,0,0,0,0,3,2,3,3,2,3,3,0,3,2,3,0,0,0,0,0,1,0,0,0,2,19,2,5, , ,3, ,Psychology,4,1,2, , , , , ,1.42857142857143,.285714285714286,.111111111111111,1.06060606060606,.3125,1.76470588235294,.2,0,.857142857142857,.555555555555556,2,0,0,0,0,2,0,0,0,0
2/8/2018 10:04:51,2/8/2018 10:07:45,3,3,1,0,3,0,0,0,0,3,0,0,0,0,0,0,3,0,1,0,0,3,3,3,3,3,3,3,1,3,3,2,0,0,0,0,3,1,3,2,1,1,20,2,6,Persian/white mix,Utah State University,3, ,Psychology,4,1,2, ,1,3, , ,1.95238095238095,.80952380952381,0,1.75757575757576,1.0625,2.41176470588235,0,0,1.38095238095238,1.22222222222222,3,0,0,2,0,3,0,0,1,1
2/2/2018 15:52:28,2/2/2018 15:55:52,3,3,3,3,3,0,1,2,0,0,0,0,0,0,0,2,1,0,0,0,0,3,3,3,3,3,3,3,3,3,3,3,1,0,1,0,3,3,2,3,3,3,20,2,5, , ,3, ,Psychology,3.61,1,1,1,1,3, , ,2.47619047619048,1,.444444444444444,2.09090909090909,1.1875,2.94117647058824,.4,.5,1.73809523809524,1.88888888888889,3,0,0,3,.5,3,0,.5,2.5,2
2/2/2018 9:30:41,2/2/2018 9:34:05,3,0,0,3,3,0,0,0,0,0,0,0,0,0,0,0,3,0,0,0,0,3,3,3,3,3,3,3,3,3,3,3,0,0,0,0,3,0,3,3,3,0,19,2,1, , ,3, ,Psychology,3.9,1,2, , , , , ,2.14285714285714,.571428571428571,0,1.72727272727273,.75,2.64705882352941,0,0,1.35714285714286,1.66666666666667,3,0,0,3,0,3,0,0,0,3
2/18/2018 16:01:05,2/18/2018 16:18:37,3,1,1,0,2,0,1,1,0,1,1,1,1,0,1,1,3,1,0,0,1,3,3,3,3,3,3,3,3,3,3,3,1,0,1,1,1,3,2,2,3,1,31,2,5, , ,3, ,Psychology,4,1,2, ,1,1,1,"Gender, Sexuality, and Society",2.28571428571429,.952380952380952,.666666666666667,1.87878787878788,1.0625,2.64705882352941,.6,.75,1.61904761904762,1.77777777777778,3,1,1,2,1,3,1,1,1,2
2/1/2018 12:44:08,2/1/2018 12:46:25,0,0,0,0,3,1,1,0,0,0,0,0,0,0,0,0,0,0,0,0,0,3,3,3,3,1,0,3,3,3,3,3,0,0,0,0,0,3,1,0,0,0,21,2,5, , ,3, ,Psychology and Business,3.8,1,2, ,1,3, , ,1.52380952380952,.238095238095238,0,1.12121212121212,.3125,1.88235294117647,0,0,.880952380952381,.222222222222222,1,0,0,0,0,3,0,0,0,0
2/13/2018 13:03:30,2/13/2018 13:08:11,1,0,0,0,2,1,1,0,1,0,0,1,0,0,0,1,2,0,1,0,0,3,2,2,3,3,3,3,3,3,2,0,0,0,0,0,3,2,1,2,3,0,22,1,1, , ,3, ,"Psychology, Innovation & Entrepreurship",3.5,1,2, , , , , ,1.80952380952381,.523809523809524,.111111111111111,1.45454545454545,.625,2.23529411764706,.2,0,1.16666666666667,1.44444444444444,2,0,0,1,.5,3,0,0,1,1
2/3/2018 11:17:40,2/3/2018 11:19:42,0,0,0,0,0,0,0,0,0,0,0,0,0,0,0,0,0,0,0,0,0,3,3,3,3,0,0,3,3,0,3,3,0,0,0,0,0,0,0,2,0,0,21,2,5, , ,3, ,pysch,3.2,1,3, ,1,3, , ,1.23809523809524,0,0,.787878787878788,0,1.52941176470588,0,0,.619047619047619,.444444444444444,0,0,0,0,0,2,0,0,0,0
2/7/2018 8:57:08,2/7/2018 9:01:21,0,0,0,2,2,0,0,0,0,1,0,0,0,0,0,0,0,0,0,0,0,3,3,3,3,3,0,2,3,2,3,3,1,0,2,0,0,2,0,0,1,0,20,2,5, , ,3, ,Sports Psychology,3.5,1,1,2,1,3, , ,1.61904761904762,.238095238095238,.333333333333333,1.09090909090909,.3125,1.82352941176471,0,.75,.928571428571429,.444444444444444,2,0,0,0,0,2,0,.5,0,0
2/8/2018 15:10:23,2/8/2018 15:14:42,0,3,2,1,3,0,1,2,2,0,1,1,0,1,1,1,0,1,1,1,1,3,3,3,3,3,0,3,0,3,2,0,1,2,2,1,1,0,3,1,3,0,56,1,2, , ,4, , Psychology,3,1,3, ,1,3, , ,1.76190476190476,1.0952380952381,1.22222222222222,1.48484848484848,1.125,1.82352941176471,1,1.5,1.42857142857143,1.33333333333333,2,1,1,1,1,3,1,1.5,1,1
2/12/2018 11:16:01,2/12/2018 11:19:14,1,1,0,0,0,0,0,0,0,0,0,0,0,0,0,0,0,0,0,0,0,3,3,3,2,2,1,1,1,2,2,1,0,0,0,0,0,1,1,0,1,0,23,2,2, , ,4, ,Behavior Analysis Psychology,3.34,1,3, , , , , ,1.14285714285714,.0952380952380952,0,.787878787878788,.125,1.41176470588235,0,0,.619047619047619,.444444444444444,1,0,0,0,0,1,0,0,0,0
1/31/2018 13:30:22,1/31/2018 13:35:06,0,0,0,0,1,1,0,0,0,0,0,0,0,0,0,0,0,0,1,0,0,3,3,2,2,2,1,2,0,2,2,2,0,0,0,0,0,1,0,0,0,0,21,2,5, , ,4, ,Counseling Psychology,3.71,1,2, ,1,1,1,Psychology of Women,1.04761904761905,.142857142857143,0,.757575757575758,.1875,1.29411764705882,0,0,.595238095238095,.333333333333333,1,0,0,0,0,2,0,0,0,0
1/31/2018 16:25:41,1/31/2018 16:28:46,0,0,0,0,1,0,0,0,0,1,0,0,0,0,0,0,0,0,0,0,0,3,3,3,2,2,3,3,3,2,2,3,0,0,1,0,3,2,2,3,2,2,34,1,5, , ,4, ,Counseling Psychology,3.2,1,3, ,2, , , ,2.0952380952381,.0952380952380952,.111111111111111,1.36363636363636,.125,2.52941176470588,0,.25,1.0952380952381,1.11111111111111,2,0,0,2,0,3,0,0,0,0
2/2/2018 13:00:41,2/2/2018 13:04:58,0,1,0,0,1,0,1,1,0,0,0,0,0,0,0,0,0,0,0,0,0,2,1,2,2,2,1,2,0,2,2,1,0,0,0,0,1,2,0,0,0,0,20,2,5, , ,4, ,Counseling Psychology,3.21,1,2, ,1,3, , ,.952380952380952,.19047619047619,0,.727272727272727,.25,1.17647058823529,0,0,.571428571428571,.333333333333333,1,0,0,0,0,1,0,0,0,0
2/7/2018 18:18:56,2/7/2018 18:22:10,1,0,1,1,2,0,0,0,0,0,0,0,0,0,0,0,0,0,1,0,0,3,3,3,2,3,3,3,3,2,3,3,1,0,0,1,2,1,2,2,1,2,21,2,3, , ,4, ,Counseling Psychology,2.8,1,1,2,1,3, , ,2.04761904761905,.285714285714286,.222222222222222,1.42424242424242,.375,2.41176470588235,0,.5,1.16666666666667,1,2,0,0,1,0,3,0,.5,1,1
1/31/2018 13:03:43,1/31/2018 13:57:16,1,1,0,0,3,1,1,0,0,0,0,0,0,0,0,0,1,0,0,0,0,3,3,3,3,3,3,3,3,3,3,3,0,0,0,0,0,3,1,3,3,2,21,2,3, , ,4, ,Counseling Psychology,3.93,1,1,1,1,3, , ,2.14285714285714,.380952380952381,0,1.60606060606061,.5,2.64705882352941,0,0,1.26190476190476,1.55555555555556,3,0,0,1,0,3,0,0,1,1
2/2/2018 12:56:00,2/2/2018 12:59:43,1,0,0,0,3,0,0,0,0,1,0,0,0,0,0,0,1,0,0,1,0,3,3,3,2,3,3,3,3,1,3,3,0,0,1,0,2,2,1,0,3,2,22,2,5, , ,4, ,Counseling Psychology,3.8,1,1,1,2, , , ,1.95238095238095,.333333333333333,.222222222222222,1.39393939393939,.375,2.35294117647059,.2,.25,1.14285714285714,.777777777777778,2,0,0,1,0,3,0,0,1,0
2/21/2018 16:13:03,2/21/2018 16:18:43,1,0,1,1,2,0,0,1,1,0,1,0,1,0,0,0,1,1,0,2,0,3,3,3,3,2,3,2,3,3,3,2,0,1,1,1,1,2,3,0,2,3,21,2,5, , ,4, ,Counseling Psychology,3.09,1,1,3,1,1,1,LGBTQ Studies,2.0952380952381,.619047619047619,.666666666666667,1.54545454545455,.625,2.41176470588235,.6,.75,1.35714285714286,.777777777777778,2,1,1,1,1,3,0,1,1,1
2/20/2018 10:44:10,2/20/2018 10:49:55,3,1,2,3,3,1,2,3,3,2,1,2,2,1,0,0,0,0,1,1,1,3,3,3,3,1,3,3,3,3,3,3,1,0,1,1,3,2,3,1,1,3,21,2,2, , ,4, ,Counseling Psychology,3.3,1,3, ,1,1,1,Didn't need to take the course,2.23809523809524,1.52380952380952,.666666666666667,2.21212121212121,1.8125,2.58823529411765,.6,.75,1.88095238095238,1.44444444444444,3,1,1,3,2,3,1,1,2,1
2/20/2018 16:51:46,2/20/2018 16:59:46,3,1,1,1,3,2,1,0,0,0,0,0,0,0,0,0,1,0,1,0,0,3,3,3,1,3,3,3,3,3,3,3,0,0,0,0,3,3,2,1,3,2,22,2,3, , ,4, ,Counseling Psychology,3.82,1,1,1,1,3, , ,2.14285714285714,.666666666666667,0,1.78787878787879,.875,2.64705882352941,0,0,1.4047619047619,1.44444444444444,3,0,0,2,1,3,0,0,1,2
2/23/2018 10:44:54,2/23/2018 10:50:01,3,0,0,0,2,0,0,0,0,0,0,0,0,1,0,0,0,0,0,0,0,3,3,3,3,3,3,2,2,3,1,3,2,0,0,0,3,0,1,2,1,3,24,1,5, , ,4, ,Counseling Psychology,2.7, , , ,1,3, , ,1.95238095238095,.285714285714286,.333333333333333,1.33333333333333,.3125,2.29411764705882,.2,.5,1.11904761904762,1.22222222222222,2,0,0,1,0,3,0,0,0,1
1/31/2018 13:26:00,1/31/2018 13:30:41,3,0,0,0,3,2,1,0,0,0,0,0,0,0,0,0,1,0,0,0,0,3,2,3,1,2,3,3,3,3,2,3,0,0,0,0,0,2,2,1,3,3,20,2,5, , ,4, ,Counseling Psychology,3.95,1,1,1,1,3, , ,1.85714285714286,.476190476190476,0,1.48484848484848,.625,2.29411764705882,0,0,1.16666666666667,1.33333333333333,2,0,0,2,0,3,0,0,.5,2
1/31/2018 14:18:39,1/31/2018 14:21:38,3,1,0,0,3,0,2,0,0,0,0,0,0,0,0,0,0,0,0,0,0,3,3,3,3,2,3,3,3,3,1,3,0,0,1,0,0,2,1,0,2,2,21,2,5, , ,4, ,Counseling Psychology,3.95,1,1,1,1,3, , ,1.80952380952381,.428571428571429,.111111111111111,1.39393939393939,.5625,2.17647058823529,0,.25,1.11904761904762,.777777777777778,2,0,0,1,0,3,0,0,0,0
1/31/2018 12:54:19,1/31/2018 13:04:11,3,2,0,2,3,1,1,1,0,0,1,2,0,0,0,0,0,0,0,1,0,0,3,3,3,3,3,3,3,3,3,3,0,0,1,0,1,3,2,2,3,3,21,2,6,Hispanic,CMU,4, ,Counseling Psychology,3.5,1,1,2,1,1,1,Psychology of Women,2.14285714285714,.80952380952381,.333333333333333,1.78787878787879,.9375,2.58823529411765,.4,.25,1.47619047619048,1.88888888888889,3,0,0,2,.5,3,0,0,1,2
2/20/2018 14:58:18,2/20/2018 15:01:27,3,1,1,0,3,1,0,1,1,0,0,1,0,0,1,1,1,0,0,1,0,3,2,3,2,3,3,3,3,2,2,1,0,2,0,0,3,2,2,1,3,3,24,2,5, , ,4, ,counseling-psychology,2.43,1,1,3,1,3, , ,2.04761904761905,.761904761904762,.555555555555556,1.63636363636364,.8125,2.41176470588235,.6,.5,1.4047619047619,1.55555555555556,2,1,0,2,1,3,1,0,1,1
2/26/2018 15:04:06,2/26/2018 15:07:03,3,0,3,1,3,0,0,0,0,0,0,0,0,1,0,0,1,0,0,2,0,3,3,3,3,3,3,3,0,3,2,2,0,0,0,0,1,1,1,0,0,2,21,2,5, , ,4, ,Counselling,3.65,1,2, ,1,3, , ,1.57142857142857,.666666666666667,.333333333333333,1.33333333333333,.6875,1.94117647058824,.6,0,1.11904761904762,.666666666666667,2,0,0,1,0,2,0,0,.5,0
2/26/2018 13:53:01,2/26/2018 13:55:28,2,0,2,0,1,2,0,0,0,0,0,0,0,1,0,0,0,0,0,0,0,3,3,3,3,2,3,3,3,3,3,1,0,0,1,1,0,3,3,2,3,2,22,2,5, , ,4, ,criminal justice and psychology,3.847,1,2, ,2, , , ,2.14285714285714,.380952380952381,.333333333333333,1.51515151515152,.4375,2.52941176470588,.2,.5,1.26190476190476,1.44444444444444,3,0,0,2,0,3,0,.5,1,2
2/19/2018 14:05:34,2/19/2018 14:09:11,0,0,0,0,1,0,1,0,0,0,0,0,0,0,0,0,0,0,0,0,0,3,3,3,3,0,2,3,2,0,1,3,0,0,0,0,0,1,1,3,0,0,22,1,5, , ,4, ,Double Major in Psychology and Sociology,3.75,1,1,1,1,3, , ,1.33333333333333,.0952380952380952,0,.909090909090909,.125,1.64705882352941,0,0,.714285714285714,.666666666666667,1,0,0,0,0,2,0,0,0,0
2/19/2018 19:18:07,2/19/2018 19:22:38,2,1,2,1,2,1,0,0,0,1,0,0,0,0,1,0,1,0,0,0,0,3,2,3,2,2,3,3,1,3,1,2,1,1,0,1,0,2,1,0,1,2,22,3,5, , ,4, ,Double major- Psych & History,3.7,1,1,2, , , , ,1.61904761904762,.571428571428571,.444444444444444,1.27272727272727,.6875,1.82352941176471,.2,.75,1.0952380952381,.666666666666667,2,0,0,1,.5,2,0,1,1,1
1/31/2018 12:50:48,1/31/2018 12:54:10,0,0,0,0,1,0,0,0,1,0,0,0,0,0,0,0,0,0,0,0,0,3,3,3,3,1,1,0,3,3,3,3,0,0,0,0,0,3,1,3,0,0,21,2,5, , ,4, ,General psychology,4,1,3, ,2, , , ,1.57142857142857,.0952380952380952,0,1.06060606060606,.125,1.94117647058824,0,0,.833333333333333,.777777777777778,1,0,0,0,0,3,0,0,0,0
1/31/2018 14:27:32,1/31/2018 14:29:34,0,2,3,0,2,0,0,0,0,0,0,0,0,0,0,0,0,0,0,0,0,3,3,3,2,2,3,3,3,3,3,3,0,0,0,0,0,0,0,3,3,0,21,2,5, , ,4, ,General Psychology,3.8,1,3, ,1,3, , ,1.76190476190476,.333333333333333,0,1.33333333333333,.4375,2.17647058823529,0,0,1.04761904761905,1.22222222222222,3,0,0,0,0,3,0,0,0,0
1/31/2018 13:01:24,1/31/2018 13:07:38,3,1,0,1,3,0,1,1,0,0,0,0,0,0,0,1,0,0,1,1,0,3,3,3,3,3,3,3,3,3,3,3,0,0,0,0,2,3,3,1,3,2,23,1,5, , ,4, ,General Psychology, ,1,1,2,1,1,3,Psychology of Women,2.23809523809524,.619047619047619,.222222222222222,1.75757575757576,.6875,2.76470588235294,.4,0,1.42857142857143,1.33333333333333,3,0,0,2,0,3,0,0,1,1
2/15/2018 19:15:19,2/15/2018 19:25:20,0,0,0,0,0,0,0,0,1,0,0,0,0,3,0,0,0,1,0,0,0,0,3,3,3,2,0,0,0,3,3,3,0,0,0,0,0,0,3,0,0,0,25,2,2, , ,4, ,Pschological Science,2.9,1,3, ,1,3, , ,1.0952380952381,.238095238095238,.333333333333333,.757575757575758,.125,1.35294117647059,.6,0,.666666666666667,.333333333333333,0,0,0,0,0,0,0,0,0,0
2/18/2018 16:23:08,2/18/2018 16:25:31,0,1,0,0,0,0,0,0,0,0,0,0,0,0,0,0,0,0,0,0,0,2,2,2,1,0,2,1,0,0,1,0,0,0,0,0,0,0,0,0,0,0, ,2,5, , ,4, ,Psych,3.8, , , , , , , ,.523809523809524,.0476190476190476,0,.363636363636364,.0625,.647058823529412,0,0,.285714285714286,0,0,0,0,0,0,0,0,0,0,0
2/2/2018 10:37:34,2/2/2018 10:40:32,2,3,2,2,2,2,3,2,2,0,2,2,2,1,2,3,1,2,1,2,0,3,3,3,3,2,3,2,3,3,3,2,2,0,3,0,2,3,3,3,3,0,23,2,5, , ,4, ,Psych,2.5,1,1,3,1,3, , ,2.33333333333333,1.80952380952381,1.66666666666667,2.18181818181818,1.75,2.58823529411765,2,1.25,2.07142857142857,2.33333333333333,3,2,2,2,2,3,2,1,2,2
2/8/2018 14:52:51,2/8/2018 17:15:29,0,0,0,0,1,0,0,0,0,0,0,0,0,0,0,0,0,0,0,0,0,1,1,1,1,0,0,1,1,1,1,0,0,0,0,0,0,0,0,1,0,0,29,2,3, , ,4, ,Psychological Science,2.6,1,3, , , , , ,.428571428571429,.0476190476190476,0,.303030303030303,.0625,.529411764705882,0,0,.238095238095238,.222222222222222,0,0,0,0,0,1,0,0,0,0
2/8/2018 20:25:24,2/8/2018 20:32:55,0,1,0,0,1,0,0,0,0,0,0,0,0,0,0,0,0,0,0,0,2,3,2,2,2,0,0,1,2,2,3,2,1,0,0,0,0,1,0,2,0,0,20,2,5, , ,4, ,Psychological Science,3.2,1,3, , ,2, ,Gender,1.0952380952381,.19047619047619,.111111111111111,.787878787878788,.25,1.29411764705882,0,.25,.642857142857143,.444444444444444,1,0,0,0,0,2,0,0,0,0
2/9/2018 8:13:43,2/9/2018 8:22:57,0,1,0,0,0,0,0,0,0,0,0,0,0,0,0,0,0,0,0,3,0,3,3,3,3,2,0,2,3,3,3,3,0,0,0,0,0,1,2,3,0,0,23,2,3, , ,4, ,Psychological Science,3.4,1,3, , , , , ,1.61904761904762,.19047619047619,.333333333333333,1.06060606060606,.0625,2,.6,0,.904761904761905,.888888888888889,2,0,0,0,0,3,0,0,0,0
2/6/2018 12:51:03,2/6/2018 12:55:03,0,3,3,1,0,3,1,1,1,1,2,1,1,2,0,3,1,0,0,1,1,3,3,3,3,3,3,3,3,3,3,3,0,0,1,2,1,3,3,3,3,0,22,2,5, , ,4, ,Psychological Science,3.8,1,3, ,1,3, , ,2.33333333333333,1.23809523809524,1.22222222222222,1.93939393939394,1.125,2.70588235294118,1.6,.75,1.78571428571429,1.88888888888889,3,1,1,3,1,3,2,.5,2,3
2/2/2018 16:38:34,2/2/2018 16:42:25,0,0,0,0,1,0,0,1,0,0,0,0,0,0,0,0,0,0,0,0,0,3,2,3,3,0,1,0,0,3,0,2,0,0,0,0,0,0,0,0,0,0,22,1,2, , ,4, ,Psychological Science,2.06,1,2, ,1,3, , ,.80952380952381,.0952380952380952,0,.575757575757576,.125,1,0,0,.452380952380952,.111111111111111,0,0,0,0,0,0,0,0,0,0
2/14/2018 8:33:33,2/14/2018 8:37:08,0,2,3,0,2,0,0,0,0,0,0,0,0,0,0,0,0,0,0,0,0,3,3,3,3,0,3,2,3,2,2,2,0,0,0,0,0,0,2,1,3,0,23,2,3, , ,4, ,Psychological Science,3.35,1,3, ,1,3, , ,1.52380952380952,.333333333333333,0,1.18181818181818,.4375,1.88235294117647,0,0,.928571428571429,.555555555555556,2,0,0,0,0,2,0,0,0,0
2/16/2018 9:03:56,2/16/2018 9:07:42,0,1,1,1,2,1,1,0,2,1,0,0,0,0,0,2,2,0,0,1,0,3,3,3,3,3,3,3,3,2,1,3,1,0,1,0,0,3,1,3,2,0,25,2,5, , ,4, ,Psychological Science,3.5,1,1,1, , , , ,1.95238095238095,.714285714285714,.555555555555556,1.54545454545455,.75,2.29411764705882,.6,.5,1.33333333333333,1.33333333333333,3,1,0,1,1,3,0,.5,1,1
2/2/2018 11:41:22,2/2/2018 11:43:42,0,0,0,0,1,0,0,0,0,0,0,0,0,0,0,0,0,0,0,0,0,2,2,0,1,0,0,1,0,1,1,0,0,0,0,0,0,0,0,2,0,0,29,2,3, , ,4, ,Psychological Science,2.79,1,3, ,1,3, , ,.476190476190476,.0476190476190476,0,.333333333333333,.0625,.588235294117647,0,0,.261904761904762,.444444444444444,0,0,0,0,0,0,0,0,0,0
2/15/2018 21:47:01,2/15/2018 21:53:57,0,2,0,0,0,0,0,0,1,0,0,0,0,0,0,1,0,0,0,0,0,1,3,3,3,0,1,1,3,2,1,3,0,0,0,0,0,1,2,2,0,0,22,2,3, , ,4, ,Psychological Science,2.3,1,3, ,1,1,2,Intorduction to Women Studies,1.23809523809524,.19047619047619,.111111111111111,.878787878787879,.1875,1.52941176470588,.2,0,.714285714285714,.444444444444444,1,0,0,0,0,1,0,0,0,0
2/14/2018 7:17:05,2/14/2018 19:26:33,2,0,0,0,2,0,0,0,0,0,0,0,0,0,0,0,0,0,0,0,0,3,3,2,1,1,2,2,2,1,0,0,0,0,0,0,0,1,1,2,0,0,22,2,2, , ,4, ,Psychological Science,3.53,1,3, , , , , ,1,.19047619047619,0,.757575757575758,.25,1.23529411764706,0,0,.595238095238095,.777777777777778,1,0,0,0,0,1,0,0,0,0
2/2/2018 18:38:55,2/2/2018 18:41:45,2,3,3,0,0,0,0,0,0,0,1,0,0,0,0,0,0,0,0,0,0,2,2,3,2,1,2,3,0,3,2,3,0,0,0,0,0,2,2,3,3,0,22,2,5, , ,4, ,Psychological Science,3.97,1,2, , , , , ,1.57142857142857,.428571428571429,.111111111111111,1.24242424242424,.5,1.94117647058824,.2,0,1,1.33333333333333,2,0,0,1,0,2,0,0,0,1
2/15/2018 10:07:18,2/15/2018 10:10:35,0,0,0,0,1,0,0,0,0,0,0,0,0,0,0,0,1,0,0,0,0,3,3,3,1,2,3,3,3,3,2,2,0,1,2,1,0,1,2,1,1,0,22,2,1, , ,4, ,psychology,3.4,1,3, , , , , ,1.76190476190476,.0952380952380952,.444444444444444,1.06060606060606,.125,1.94117647058824,0,1,.928571428571429,.555555555555556,2,0,0,1,0,2,0,1,0,0
2/13/2018 7:43:59,2/13/2018 7:51:47,0,1,2,0,0,0,2,0,0,0,1,0,0,0,0,0,0,0,1,1,0,3,3,3,3,0,0,1,3,3,3,3,1,0,0,0,0,1,3,3,1,1,23,2,2, , ,4, ,psychology,2.5,1,3, ,1,3, , ,1.66666666666667,.380952380952381,.333333333333333,1.21212121212121,.375,2,.4,.25,1.02380952380952,.777777777777778,1,0,0,1,0,3,0,0,.5,0
2/13/2018 7:09:31,2/13/2018 7:24:16,0,3,2,1,3,0,2,3,0,0,0,1,1,1,0,1,1,0,1,3,1,3,3,3,3,3,0,3,0,3,2,1,1,2,3,0,1,0,3,0,2,1,56,1,2, , ,4, ,psychology,3,1,3, , , , , ,1.76190476190476,1.14285714285714,1.22222222222222,1.51515151515152,1.1875,1.82352941176471,1,1.5,1.45238095238095,1,2,1,1,1,1,2,1,1.5,1,1
2/8/2018 15:43:39,2/8/2018 15:45:26,0,0,0,0,0,0,0,0,0,0,0,0,0,0,0,0,0,0,0,0,0,3,3,2,2,0,0,0,0,3,0,0,0,0,0,0,0,0,1,2,0,0,24,2,2, , ,4, ,psychology, ,1,3, ,1,3, , ,.761904761904762,0,0,.484848484848485,0,.941176470588235,0,0,.380952380952381,.444444444444444,0,0,0,0,0,0,0,0,0,0
2/12/2018 10:18:37,2/12/2018 10:23:33,0,3,0,1,0,0,1,0,1,0,0,0,0,0,0,1,0,0,0,0,0,3,3,3,3,1,0,2,1,3,3,2,0,1,0,0,0,0,2,2,1,0,22,2,5, , ,4, ,psychology,3.2,1,3, , , , , ,1.42857142857143,.333333333333333,.222222222222222,1.06060606060606,.375,1.70588235294118,.2,.25,.880952380952381,.666666666666667,1,0,0,1,0,2,0,0,0,0
2/8/2018 19:59:00,2/8/2018 20:03:01,0,0,0,0,2,0,0,0,0,0,0,0,0,0,0,0,0,0,0,0,1,3,3,3,3,2,2,3,3,3,3,3,0,1,0,0,1,3,1,2,2,0,34,2,5, , ,4, ,psychology,4,1,3, , , , , ,1.95238095238095,.142857142857143,.111111111111111,1.3030303030303,.1875,2.35294117647059,0,.25,1.04761904761905,.888888888888889,2,0,0,1,0,3,0,0,0,0
2/14/2018 14:40:47,2/14/2018 14:44:17,1,2,2,0,3,1,1,1,1,1,3,1,1,0,1,0,1,2,2,1,0,3,3,3,3,3,3,3,3,2,2,3,2,2,1,2,0,3,3,3,1,0,35,2,3, , ,4, ,psychology,3.1,1,3, , , , , ,2.28571428571429,1.19047619047619,1.33333333333333,1.84848484848485,1.25,2.41176470588235,1,1.75,1.73809523809524,1.77777777777778,3,1,1,2,1,3,1,2,2,1
2/2/2018 18:55:16,2/2/2018 18:58:53,1,1,1,0,2,1,1,0,0,0,0,0,0,0,0,0,0,0,2,0,0,3,2,2,1,2,2,1,2,3,2,2,0,0,0,0,0,1,2,2,0,0,50,2,5, , ,4, ,psychology,2.87,1,3, , , , , ,1.28571428571429,.428571428571429,0,1.09090909090909,.5625,1.58823529411765,0,0,.857142857142857,.888888888888889,2,0,0,1,0,2,0,0,.5,1
2/18/2018 19:42:13,2/18/2018 19:50:32,1,1,0,1,3,0,0,0,0,0,0,0,0,0,0,0,3,0,0,0,0,3,3,3,3,3,3,3,0,3,3,1,0,0,0,0,0,2,0,2,0,0,60,2,5, , ,4, ,psychology,3.1, , , , , , , ,1.52380952380952,.428571428571429,0,1.24242424242424,.5625,1.88235294117647,0,0,.976190476190476,.888888888888889,2,0,0,1,0,3,0,0,0,0
2/15/2018 10:15:39,2/15/2018 10:18:57,2,1,0,1,2,1,2,0,0,1,2,2,0,1,0,0,1,0,0,2,1,2,2,2,0,2,2,2,2,2,1,2,2,0,1,2,2,0,2,1,2,0,25,2,5, , ,4, ,psychology,3.1,1,3, ,1,3, , ,1.47619047619048,.904761904761905,1.11111111111111,1.21212121212121,.875,1.52941176470588,1,1.25,1.19047619047619,1.22222222222222,2,1,1,1,1,2,1,1.5,1,2
2/14/2018 16:16:35,2/14/2018 16:25:42,2,1,1,0,3,0,0,1,1,1,0,0,0,0,0,0,0,0,0,0,0,3,3,3,3,2,3,3,3,3,3,3,0,0,0,1,0,1,3,1,1,1,27,2,2, , ,4, ,psychology,2.7,1,3, ,1,3, , ,1.9047619047619,.476190476190476,.111111111111111,1.48484848484848,.625,2.29411764705882,0,.25,1.19047619047619,.888888888888889,3,0,0,1,0,3,0,0,1,1
2/15/2018 18:54:38,2/15/2018 19:04:09,2,1,0,1,2,1,0,0,0,1,0,0,0,0,0,1,0,0,0,0,0,3,3,3,3,0,1,1,1,3,2,3,0,0,0,0,0,1,1,2,1,0,22,2,1, , ,4, ,psychology,3,1,3, ,2, , , ,1.33333333333333,.428571428571429,.111111111111111,1.09090909090909,.5,1.64705882352941,.2,0,.880952380952381,.888888888888889,1,0,0,1,0,1,0,0,.5,1
2/18/2018 23:02:57,2/18/2018 23:05:56,2,1,0,1,3,0,0,0,0,0,0,0,0,0,0,0,0,0,1,0,0,3,3,3,3,3,3,3,3,3,3,3,0,1,1,0,0,3,3,0,3,3,21,2,5, , ,4, ,psychology,3.4,1,3, ,2, , , ,2.23809523809524,.380952380952381,.222222222222222,1.60606060606061,.5,2.64705882352941,0,.5,1.30952380952381,.888888888888889,3,0,0,2,0,3,0,.5,1,0
2/18/2018 17:47:54,2/18/2018 17:52:39,0,0,0,0,1,0,0,0,0,0,0,0,0,0,0,0,0,0,0,1,0,3,3,3,3,0,2,1,3,2,3,1,1,0,0,0,1,1,3,2,3,1,21,1,5, , ,4, ,Psychology,3.4,1,3, , , , , ,1.71428571428571,.0952380952380952,.222222222222222,1.09090909090909,.0625,2.05882352941176,.2,.25,.904761904761905,.777777777777778,2,0,0,1,0,2,0,0,0,0
2/15/2018 14:11:33,2/15/2018 14:15:29,0,0,0,1,1,1,0,0,0,0,3,3,0,0,0,1,0,0,0,0,0,3,3,3,3,3,3,3,3,3,3,3,3,0,0,3,2,1,3,3,1,0,23,2,5, , ,4, ,Psychology,3,1,3, ,1,3, , ,2.33333333333333,.476190476190476,1.11111111111111,1.48484848484848,.375,2.52941176470588,.8,1.5,1.4047619047619,1.55555555555556,3,0,0,1,0,3,0,1.5,1,1
2/15/2018 10:20:58,2/15/2018 10:25:23,0,2,1,0,3,0,0,1,0,0,3,0,0,0,0,0,1,0,0,0,0,3,3,3,3,2,2,2,3,3,3,2,3,0,0,0,1,1,1,3,1,1,23,2,6,Asian,University of Central Arkansas,4, ,Psychology,3.2,1,3, , , , , ,1.9047619047619,.523809523809524,.666666666666667,1.36363636363636,.5,2.17647058823529,.6,.75,1.21428571428571,1.11111111111111,2,0,0,1,0,2,0,0,1,1
2/15/2018 20:40:38,2/15/2018 20:44:19,0,0,2,0,1,1,2,0,0,0,1,0,0,0,0,0,3,0,0,1,0,3,3,3,3,3,3,3,3,3,3,2,0,0,0,2,2,1,1,3,0,0,22,2,5, , ,4, ,Psychology,4,1,3, , , , , ,1.95238095238095,.523809523809524,.444444444444444,1.45454545454545,.5625,2.29411764705882,.4,.5,1.23809523809524,1.11111111111111,3,0,0,1,0,3,0,0,1,0
2/19/2018 11:14:54,2/19/2018 11:18:12,0,1,1,0,1,0,1,0,0,1,0,0,0,0,0,0,0,0,0,0,0,3,3,3,3,2,3,3,3,3,3,3,0,0,0,0,0,2,3,3,2,0,27,2,5, , ,4, ,Psychology,2.7,1,3, , , , , ,2,.238095238095238,0,1.42424242424242,.3125,2.47058823529412,0,0,1.11904761904762,1.11111111111111,3,0,0,1,0,3,0,0,0,0
1/31/2018 13:34:52,1/31/2018 13:38:25,0,0,0,0,0,0,0,0,0,0,0,0,0,0,0,0,1,0,0,0,0,3,2,3,2,1,2,3,1,1,2,2,0,0,1,0,1,1,0,2,0,0,19,2,5, , ,4, ,Psychology,3.85,1,2, , , , , ,1.28571428571429,.0476190476190476,.111111111111111,.818181818181818,.0625,1.52941176470588,0,.25,.666666666666667,.555555555555556,1,0,0,0,0,2,0,0,0,0
2/2/2018 16:38:16,2/2/2018 16:40:54,0,1,2,0,2,0,0,0,0,0,0,0,0,0,1,0,0,0,0,0,0,3,3,3,3,3,3,2,3,0,3,3,0,1,0,0,3,3,3,3,0,3,20,2,5, , ,4, ,Psychology,3.94,1,1,1,1,1,1, ,2.14285714285714,.285714285714286,.222222222222222,1.48484848484848,.3125,2.58823529411765,.2,.25,1.21428571428571,1,3,0,0,2,0,3,0,0,0,0
2/6/2018 21:06:11,2/6/2018 21:10:45,0,1,0,0,0,0,1,0,0,0,0,1,0,0,0,0,2,1,0,0,0,3,2,3,1,1,1,1,3,0,2,1,0,1,0,0,0,1,1,3,0,0,25,2,5, , ,4, ,Psychology,3.8,1,3, ,2, , , ,1.14285714285714,.285714285714286,.111111111111111,.878787878787879,.375,1.35294117647059,0,.25,.714285714285714,1,1,0,0,1,0,1,0,0,0,1
2/8/2018 7:31:43,2/8/2018 7:35:03,0,3,0,0,0,0,3,0,0,0,1,0,1,0,0,0,0,1,3,0,0,3,3,3,3,3,1,3,3,3,3,3,0,0,1,0,0,3,3,3,0,1,26,2,5, , ,4, ,Psychology,3.6,1,2, ,1,3, , ,2,.571428571428571,.222222222222222,1.57575757575758,.6875,2.41176470588235,.2,.25,1.28571428571429,1.11111111111111,3,0,0,1,0,3,0,0,1,0
2/10/2018 12:47:27,2/10/2018 12:51:17,0,0,0,1,0,0,0,0,1,0,0,0,1,0,0,1,0,0,0,0,0,2,3,3,2,0,0,2,2,0,1,3,0,0,0,1,0,3,0,3,1,0, ,1,5, , ,4, ,Psychology,2.84,1,1,2, , , , ,1.23809523809524,.19047619047619,.222222222222222,.848484848484849,.1875,1.47058823529412,.2,.25,.714285714285714,.777777777777778,1,0,0,0,0,2,0,0,0,0
2/2/2018 9:22:40,2/2/2018 9:25:13,0,1,0,0,0,0,0,0,0,0,0,0,0,0,0,0,0,1,0,0,0,3,3,3,2,1,2,2,2,1,1,0,0,0,0,0,0,2,1,2,0,0,21,1,5, , ,4, ,Psychology,3.94,1,3, , , , , ,1.19047619047619,.0952380952380952,0,.818181818181818,.125,1.47058823529412,0,0,.642857142857143,.666666666666667,1,0,0,0,0,2,0,0,0,0
2/6/2018 8:30:58,2/6/2018 8:35:46,0,2,0,0,3,0,1,0,0,0,0,0,0,0,0,0,0,0,0,0,1,3,2,3,3,0,0,2,0,3,0,0,0,0,2,0,0,0,3,0,0,0,56,1,2, , ,4, ,Psychology,3,1,1,2, , , , ,1,.333333333333333,.222222222222222,.787878787878788,.4375,1.11764705882353,0,.5,.666666666666667,0,0,0,0,0,0,0,0,0,0,0
2/12/2018 13:10:12,2/12/2018 13:12:01,0,2,1,1,2,2,0,0,0,0,1,1,0,2,0,2,0,0,1,1,1,3,3,2,3,3,2,1,2,3,3,3,1,1,2,0,0,2,1,0,0,0,26,2,5, , ,4, ,Psychology,2,1,3, , , , , ,1.66666666666667,.80952380952381,1.11111111111111,1.27272727272727,.6875,1.82352941176471,1.2,1,1.23809523809524,.666666666666667,2,1,1,1,.5,2,1,1,1,0
2/14/2018 17:02:56,2/14/2018 17:12:04,0,3,3,0,0,0,0,0,0,0,0,0,0,0,0,0,0,0,0,0,0,3,3,3,3,3,0,3,3,0,3,3,0,3,0,0,1,0,3,3,3,0,21,1,5, , ,4, ,Psychology,2.9,1,3, , , , , ,1.9047619047619,.285714285714286,.333333333333333,1.3030303030303,.375,2.17647058823529,0,.75,1.0952380952381,1.33333333333333,3,0,0,0,0,3,0,0,0,0
2/8/2018 13:03:22,2/8/2018 13:09:38,0,2,0,0,0,1,0,0,0,0,0,0,0,0,0,0,0,0,0,0,0,3,2,2,2,2,2,2,1,2,2,3,0,0,0,0,0,0,1,0,0,0,22,2,5, , ,4, ,Psychology,2.6,1,3, , , , , ,1.14285714285714,.142857142857143,0,.818181818181818,.1875,1.41176470588235,0,0,.642857142857143,.333333333333333,1,0,0,0,0,2,0,0,0,0
2/8/2018 17:45:28,2/8/2018 17:47:43,0,0,0,0,0,1,1,0,0,0,0,0,0,0,0,0,0,0,0,0,0,3,2,3,1,0,1,3,2,1,2,1,0,0,0,1,0,0,0,3,2,0, ,2,5, , ,4, ,Psychology,2.5,1,3, ,1,3, , ,1.19047619047619,.0952380952380952,.111111111111111,.787878787878788,.125,1.41176470588235,0,.25,.642857142857143,1,1,0,0,0,0,1,0,0,0,0
2/15/2018 14:12:37,2/15/2018 14:15:52,0,1,0,0,0,0,0,0,0,0,0,0,0,0,0,0,0,0,0,0,0,2,2,3,1,1,1,1,1,2,2,3,0,0,0,0,0,0,1,2,2,0,23,2,3, , ,4, ,Psychology,2.8,1,1,2,1,1,2, ,1.14285714285714,.0476190476190476,0,.757575757575758,.0625,1.41176470588235,0,0,.595238095238095,.777777777777778,1,0,0,0,0,1,0,0,0,0
2/3/2018 9:43:05,2/3/2018 9:45:07,0,2,1,1,2,0,0,0,0,0,0,2,0,0,0,0,0,0,0,0,1,3,3,3,3,0,1,3,3,3,2,3,0,0,0,0,0,1,2,0,3,0,23,2,2, , ,4, ,Psychology,3.1,2, , ,2, , , ,1.57142857142857,.428571428571429,0,1.27272727272727,.5625,1.94117647058824,0,0,1,.555555555555556,2,0,0,1,0,3,0,0,0,0
2/8/2018 16:47:14,2/8/2018 16:51:59,0,1,0,0,0,0,1,0,2,0,0,0,0,0,0,0,0,0,0,0,0,3,3,3,3,3,1,3,3,3,3,3,1,1,0,0,0,2,3,3,3,0,24,2,3, , ,4, ,Psychology,3,1,3, ,1,3, , ,2.0952380952381,.19047619047619,.222222222222222,1.39393939393939,.25,2.47058823529412,0,.5,1.14285714285714,1.33333333333333,3,0,0,1,0,3,0,.5,0,0
2/13/2018 16:19:35,2/13/2018 16:24:44,0,0,0,1,1,0,0,0,0,0,0,0,0,0,0,0,0,0,0,0,0,3,2,3,3,0,0,0,2,1,2,2,0,0,0,0,0,1,2,2,0,0,21,2,3, , ,4, ,Psychology,3.73,1,3, ,1,3, , ,1.0952380952381,.0952380952380952,0,.757575757575758,.125,1.35294117647059,0,0,.595238095238095,.444444444444444,1,0,0,0,0,2,0,0,0,0
2/2/2018 9:36:36,2/2/2018 9:39:28,0,1,0,0,0,0,0,0,0,0,1,0,0,0,0,0,0,0,0,0,0,3,3,3,3,2,2,3,3,2,3,3,0,0,1,0,0,2,3,1,1,0,22,2,5, , ,4, ,Psychology,3.17,1,2, , , , , ,1.80952380952381,.0952380952380952,.222222222222222,1.15151515151515,.0625,2.17647058823529,.2,.25,.952380952380952,.555555555555556,2,0,0,0,0,3,0,0,0,0
2/13/2018 11:39:59,2/13/2018 11:43:56,0,1,0,1,0,0,0,0,0,0,0,0,0,0,0,0,3,0,0,0,0,3,3,3,3,0,0,2,2,0,3,3,0,0,0,0,0,1,1,2,0,0,21,2,5, , ,4, ,Psychology,3,1,3, ,1,3, , ,1.23809523809524,.238095238095238,0,.939393939393939,.3125,1.52941176470588,0,0,.738095238095238,.444444444444444,1,0,0,0,0,2,0,0,0,0
2/14/2018 6:50:13,2/14/2018 6:52:35,0,3,0,0,2,2,2,0,0,2,0,0,0,0,2,0,1,0,0,2,0,3,3,3,3,0,0,2,3,3,3,3,1,0,3,0,0,3,0,0,2,2, ,2,5, , ,4, ,Psychology,3,1,3, ,1,3, , ,1.76190476190476,.761904761904762,.888888888888889,1.36363636363636,.75,1.94117647058824,.8,1,1.26190476190476,.444444444444444,2,0,0,2,0,3,0,.5,1,0
2/14/2018 10:28:37,2/14/2018 10:31:57,0,2,1,0,0,0,1,0,0,0,0,0,0,0,0,0,0,0,0,0,0,3,3,2,3,0,0,1,2,2,1,3,0,0,0,0,0,0,1,1,1,0,22,1,1, , ,4, ,Psychology,2.47,1,3, ,1,3, , ,1.0952380952381,.19047619047619,0,.818181818181818,.25,1.35294117647059,0,0,.642857142857143,.333333333333333,1,0,0,0,0,1,0,0,0,0
2/2/2018 10:18:30,2/2/2018 10:23:25,0,0,1,0,0,0,0,3,0,0,0,0,0,0,0,0,2,0,0,0,0,3,3,2,3,2,2,3,2,2,2,3,0,0,0,0,1,1,1,3,0,0,21,2,5, , ,4, ,Psychology,3.19,1,2, , , , , ,1.57142857142857,.285714285714286,0,1.18181818181818,.375,1.94117647058824,0,0,.928571428571429,1.22222222222222,2,0,0,1,0,2,0,0,0,0
2/2/2018 9:24:47,2/2/2018 9:28:03,0,0,0,1,0,0,1,0,1,1,0,0,0,0,0,1,0,0,0,1,0,3,3,3,3,3,2,3,3,3,3,3,0,1,1,0,1,3,3,2,2,0,24,2,3, , ,4, ,Psychology,3,1,3, ,1,3, , ,2.14285714285714,.285714285714286,.444444444444444,1.42424242424242,.25,2.52941176470588,.4,.5,1.21428571428571,1,3,0,0,1,0,3,0,.5,1,0
2/9/2018 17:15:19,2/9/2018 17:18:08,0,0,3,1,2,3,0,0,1,0,1,0,0,0,0,0,0,3,0,0,3,3,3,3,3,3,0,3,3,3,3,3,3,0,0,1,0,3,3,0,0,0,22,2,5, , ,4, ,Psychology,3.5,1,3, ,1,3, , ,1.9047619047619,.80952380952381,.555555555555556,1.57575757575758,1,2.11764705882353,.2,1,1.35714285714286,1,3,0,0,2,0,3,0,.5,1,0
2/12/2018 15:34:00,2/12/2018 15:36:10,0,1,3,0,0,0,0,0,0,0,0,1,0,0,0,0,0,0,0,0,0,3,3,3,3,3,0,3,3,3,3,3,0,0,0,0,0,3,3,0,1,1,22,2,5, , ,4, ,Psychology,3.5,1,3, ,1,3, , ,1.80952380952381,.238095238095238,0,1.3030303030303,.3125,2.23529411764706,0,0,1.02380952380952,.555555555555556,3,0,0,1,0,3,0,0,0,0
2/10/2018 9:57:30,2/10/2018 10:00:25,0,1,1,1,0,2,2,0,1,1,2,1,0,0,2,1,0,1,1,0,1,3,3,3,3,1,2,2,3,2,3,2,1,2,3,0,1,1,1,1,2,1,21,2,5, , ,4, ,Psychology,3.3,1,3, , , , , ,1.9047619047619,.857142857142857,1.22222222222222,1.42424242424242,.8125,2,1,1.5,1.38095238095238,1,2,1,1,1,1,2,1,1.5,1,1
2/18/2018 18:11:54,2/18/2018 18:17:23,0,0,0,0,1,0,0,0,0,0,0,0,0,0,0,0,2,0,0,0,0,2,2,0,0,0,1,0,1,2,0,0,0,0,0,0,0,0,0,0,0,0,22,2,5, , ,4, ,Psychology,3.1,1,3, ,2, , , ,.380952380952381,.142857142857143,0,.333333333333333,.1875,.470588235294118,0,0,.261904761904762,0,0,0,0,0,0,0,0,0,0,0
2/21/2018 16:31:14,2/21/2018 16:36:00,0,0,0,0,2,0,0,0,0,1,0,2,0,0,1,0,0,0,0,0,0,3,3,3,2,1,1,3,1,1,0,3,0,0,0,0,0,2,0,0,0,0,23,2,5, , ,4, ,Psychology,2.9,1,3, ,1,3, , ,1.0952380952381,.285714285714286,.111111111111111,.848484848484849,.3125,1.35294117647059,.2,0,.69047619047619,.333333333333333,1,0,0,0,0,1,0,0,0,0
2/19/2018 6:06:07,2/19/2018 6:11:24,0,2,0,0,0,0,1,0,0,0,0,1,0,0,0,0,0,0,0,0,0,3,1,2,3,1,3,1,0,3,1,0,0,0,0,0,0,2,0,0,0,0,25,2,5, , ,4, ,Psychology,3.1, , , ,1,3, , ,.952380952380952,.19047619047619,0,.727272727272727,.25,1.17647058823529,0,0,.571428571428571,.222222222222222,0,0,0,0,0,1,0,0,0,0
2/18/2018 18:16:49,2/18/2018 18:20:42,0,1,0,0,1,0,0,0,0,0,0,0,0,0,0,0,1,0,0,0,0,3,2,3,3,2,3,3,2,2,3,0,0,1,0,0,0,1,1,0,0,0,22,2,5, , ,4, ,Psychology,3.2,1,2, ,1,3, , ,1.38095238095238,.142857142857143,.111111111111111,.939393939393939,.1875,1.64705882352941,0,.25,.761904761904762,.222222222222222,1,0,0,0,0,2,0,0,0,0
2/18/2018 18:14:56,2/18/2018 18:17:21,0,0,0,0,2,0,0,0,0,0,0,0,0,0,0,0,1,0,0,0,0,3,3,3,3,1,3,3,3,0,0,2,1,0,0,0,0,3,0,0,1,3,28,2,3, , ,4, ,Psychology,3.1,1,3, ,2, , , ,1.52380952380952,.142857142857143,.111111111111111,1.03030303030303,.1875,1.82352941176471,0,.25,.833333333333333,.222222222222222,1,0,0,0,0,3,0,0,0,0
2/18/2018 22:29:54,2/18/2018 22:32:46,0,0,0,1,2,0,0,0,0,1,0,0,0,0,0,0,2,0,0,0,0,3,3,3,3,3,3,3,0,3,1,0,1,0,0,0,0,0,0,0,3,3,27,2,5, , ,4, ,Psychology,3.98,1,3, ,2, , , ,1.52380952380952,.285714285714286,.111111111111111,1.12121212121212,.375,1.82352941176471,0,.25,.904761904761905,.666666666666667,1,0,0,0,0,3,0,0,0,0
2/8/2018 21:47:36,2/8/2018 21:51:25,1,2,1,0,2,2,2,0,0,0,0,0,0,0,0,0,0,0,2,0,0,3,2,3,2,2,2,2,2,3,2,2,0,0,0,0,0,2,2,2,1,0,50,2,5, , ,4, ,Psychology,2.87,1,3, , , , , ,1.52380952380952,.571428571428571,0,1.33333333333333,.75,1.88235294117647,0,0,1.04761904761905,1.11111111111111,2,0,0,2,0,2,0,0,1,1
2/20/2018 8:16:47,2/20/2018 8:20:22,1,0,1,0,1,0,0,1,0,0,2,0,0,0,1,0,2,0,0,1,0,3,3,3,3,1,1,3,3,3,3,3,3,2,2,0,0,2,2,3,3,0,20,2,5, , ,4, ,Psychology,3.2,1,3, ,1,3, , ,2.19047619047619,.476190476190476,1.22222222222222,1.36363636363636,.375,2.29411764705882,.8,1.75,1.33333333333333,1.33333333333333,3,0,1,1,0,3,1,2,1,1
2/16/2018 17:00:13,2/16/2018 17:03:50,1,0,1,0,2,0,0,0,0,0,0,0,0,0,0,0,0,0,0,0,0,3,3,3,3,1,3,3,2,1,3,3,1,0,0,0,0,1,2,2,1,0,22,1,5, , ,4, ,Psychology,3.3,1,3, , , , , ,1.66666666666667,.19047619047619,.111111111111111,1.15151515151515,.25,2,0,.25,.928571428571429,.777777777777778,2,0,0,1,0,2,0,0,0,1
1/31/2018 12:50:23,1/31/2018 12:53:39,1,0,0,1,2,0,2,0,1,0,1,1,0,0,0,0,0,1,0,0,0,3,3,3,3,2,2,3,2,2,3,3,0,0,0,0,1,3,3,2,2,1,24,1,5, , ,4, ,Psychology,3.76,1,1,1, , , , ,1.95238095238095,.476190476190476,.111111111111111,1.51515151515152,.5625,2.41176470588235,.2,0,1.21428571428571,1.22222222222222,2,0,0,2,0,3,0,0,1,1
1/31/2018 14:29:53,1/31/2018 14:32:10,1,1,1,1,3,1,1,1,1,0,1,2,1,1,1,1,1,1,1,1,1,3,3,3,3,1,3,3,3,3,3,3,1,0,1,1,2,3,3,1,3,3,21,1,5, , ,4, ,Psychology,3,1,1,2,1,3, , ,2.33333333333333,1.0952380952381,.888888888888889,1.93939393939394,1.125,2.70588235294118,1,.75,1.71428571428571,1.33333333333333,3,1,1,2,1,3,1,1,1,1
2/1/2018 13:17:41,2/1/2018 13:20:59,1,0,0,0,2,0,0,2,0,0,0,0,0,0,0,0,0,1,0,0,0,3,3,3,2,2,3,3,2,3,3,3,0,1,0,0,0,0,0,2,0,1,21,2,5, , ,4, ,Psychology,3.12,1,3, ,1,3, , ,1.61904761904762,.285714285714286,.111111111111111,1.18181818181818,.375,1.94117647058824,0,.25,.952380952380952,1.11111111111111,2,0,0,1,0,2,0,0,0,1
2/8/2018 11:10:14,2/8/2018 11:14:30,1,1,1,1,1,0,1,1,0,0,0,0,0,0,0,1,1,0,2,0,0,3,3,3,3,3,3,3,3,1,3,3,0,1,0,0,0,3,2,2,3,0,22,1,5, , ,4, ,Psychology,3.8,2, , ,1,1,1,Psychology of Gender,2,.523809523809524,.222222222222222,1.54545454545455,.625,2.41176470588235,.2,.25,1.26190476190476,1.33333333333333,3,0,0,1,1,3,0,0,1,1
2/2/2018 9:55:02,2/2/2018 10:14:14,1,3,0,0,3,3,2,3,0,1,3,0,1,1,0,0,3,0,0,0,0,3,3,3,3,3,3,3,3,3,3,3,2,1,1,1,0,0,0,3,2,1,21,2,5, , ,4, ,Psychology,3.48,1,1,1, , , , ,2.0952380952381,1.14285714285714,1,1.78787878787879,1.25,2.29411764705882,.8,1.25,1.61904761904762,2,3,1,1,3,1,3,0,1,1.5,2
2/8/2018 15:20:39,2/8/2018 17:31:13,1,3,1,1,3,1,0,3,2,3,1,1,1,2,1,1,0,0,1,2,2,3,3,3,0,3,1,3,0,3,2,0,1,2,3,0,0,0,3,0,3,2,56,1,2, , ,4, ,Psychology,3,1,3, , , , , ,1.66666666666667,1.42857142857143,1.44444444444444,1.57575757575758,1.4375,1.70588235294118,1.4,1.5,1.54761904761905,1.33333333333333,2,1,1,1,1,2,1,1.5,1,1
2/8/2018 19:05:32,2/8/2018 19:08:06,1,2,0,0,1,1,0,1,1,0,0,0,0,0,0,0,1,0,0,1,0,3,3,2,3,3,3,2,3,3,3,2,0,1,1,0,0,0,0,3,1,0,21,2,1, , ,4, ,Psychology,2.91,1,3, , , , , ,1.71428571428571,.428571428571429,.333333333333333,1.27272727272727,.5,2,.2,.5,1.07142857142857,1.44444444444444,2,0,0,1,0,3,0,.5,1,1
2/9/2018 10:40:30,2/9/2018 10:51:21,1,2,2,0,3,2,2,0,1,0,2,1,1,0,2,1,1,2,1,2,1,3,3,3,2,3,2,3,3,2,3,3,2,1,1,1,0,3,3,3,2,1,34,2,3, , ,4, ,Psychology,3.2,1,3, ,1,3, , ,2.23809523809524,1.28571428571429,1.33333333333333,1.87878787878788,1.25,2.47058823529412,1.4,1.25,1.76190476190476,1.88888888888889,3,1,1,2,1,3,2,1,2,2
2/12/2018 22:35:07,2/12/2018 22:40:20,1,0,0,0,1,0,0,0,0,0,0,0,0,0,0,0,0,0,0,2,0,3,2,2,1,2,1,1,1,2,0,2,0,0,0,0,1,1,2,1,0,0,21,1,3, , ,4, ,Psychology,2.9,1,3, ,2, , , ,1.04761904761905,.19047619047619,.222222222222222,.727272727272727,.125,1.29411764705882,.4,0,.619047619047619,.555555555555556,1,0,0,0,0,1,0,0,0,0
2/19/2018 16:00:13,2/19/2018 16:03:17,1,0,0,0,2,0,0,0,0,0,0,0,0,0,0,0,1,0,0,0,0,3,3,2,2,1,2,2,1,2,2,1,0,0,0,0,0,1,0,0,0,0,21,2,5, , ,4, ,Psychology,2.4, , , ,1,1,5, ,1.04761904761905,.19047619047619,0,.787878787878788,.25,1.29411764705882,0,0,.619047619047619,.222222222222222,1,0,0,0,0,1,0,0,0,0
2/20/2018 11:25:04,2/20/2018 11:30:58,1,1,1,0,2,1,0,1,0,0,0,0,2,0,0,0,1,0,0,1,0,3,3,3,2,3,2,3,1,2,3,3,0,0,0,0,1,2,1,2,1,2,24,2,3, , ,4, ,Psychology,3,1,1,1,1,1,2,Psychology of Gender,1.76190476190476,.523809523809524,.111111111111111,1.42424242424242,.625,2.17647058823529,.2,0,1.14285714285714,1.22222222222222,2,0,0,1,.5,2,0,0,1,1
2/18/2018 16:52:22,2/18/2018 16:55:59,1,0,1,0,3,1,0,0,0,0,1,0,0,0,0,1,2,0,0,0,0,3,2,3,3,3,3,3,3,1,3,2,0,0,0,1,0,3,2,3,0,2,27,1,1, , ,4, ,Psychology,3.7,1,1,1,1,3, , ,1.9047619047619,.476190476190476,.333333333333333,1.42424242424242,.5,2.29411764705882,.4,.25,1.19047619047619,1.22222222222222,2,0,0,1,0,3,0,0,1,1
2/19/2018 17:33:17,2/19/2018 17:37:25,1,0,1,0,2,1,1,0,1,0,0,1,0,0,1,1,3,0,0,1,1,3,1,3,3,2,0,3,0,2,1,2,0,1,2,1,0,2,2,1,0,1,22,2,5, , ,4, ,Psychology,3, , , , , , , ,1.42857142857143,.714285714285714,.777777777777778,1.15151515151515,.75,1.52941176470588,.6,1,1.07142857142857,.777777777777778,1,1,1,1,1,2,1,1,1,1
2/19/2018 13:20:27,2/19/2018 13:24:01,1,0,0,0,1,0,0,0,0,0,0,0,0,0,0,0,0,0,0,0,0,3,1,2,2,1,3,3,1,1,1,2,0,0,0,0,0,1,0,1,0,0,45,2,3, , ,4, ,Psychology,3.2, , , ,2, , , ,1.04761904761905,.0952380952380952,0,.727272727272727,.125,1.29411764705882,0,0,.571428571428571,.444444444444444,1,0,0,0,0,1,0,0,0,0
2/15/2018 10:56:41,2/15/2018 11:00:04,2,0,0,0,1,0,0,0,0,0,2,0,0,2,0,0,1,0,0,0,0,3,3,3,2,3,3,3,3,2,3,2,2,0,0,2,2,1,0,2,2,2,21,2,5, , ,4, ,Psychology,3.9,1,3, ,2, , , ,2.04761904761905,.380952380952381,.888888888888889,1.3030303030303,.25,2.29411764705882,.8,1,1.21428571428571,1.22222222222222,2,0,0,1,0,2,0,1,1,0
2/18/2018 11:12:11,2/18/2018 11:15:33,2,1,0,1,2,1,0,0,1,0,1,0,0,0,0,1,0,0,0,0,1,3,2,2,1,2,1,3,2,2,2,3,1,0,1,1,1,2,3,0,2,2,22,2,5, , ,4, ,Psychology,2.6,1,3, ,1,3, , ,1.71428571428571,.523809523809524,.555555555555556,1.27272727272727,.5625,1.94117647058824,.4,.75,1.11904761904762,.777777777777778,2,0,1,1,0,2,0,1,1,1
2/19/2018 12:13:39,2/19/2018 12:16:10,2,1,1,1,2,1,0,1,1,1,0,0,0,0,0,0,0,0,0,1,0,3,2,2,2,1,3,3,2,3,1,1,0,0,1,0,0,1,0,0,2,0, ,2,5, , ,4, ,Psychology,2.7,1,1,2,2, , , ,1.28571428571429,.571428571428571,.222222222222222,1.12121212121212,.6875,1.52941176470588,.2,.25,.928571428571429,.777777777777778,1,0,0,1,1,2,0,0,1,1
2/15/2018 10:45:16,2/15/2018 10:49:24,2,1,1,0,1,0,0,0,0,0,1,0,0,0,0,0,3,0,0,0,0,3,3,3,2,3,2,3,3,3,3,3,1,0,0,0,2,1,1,2,1,1,21,2,6,Black/African American and Caucasian/White,The University of Central Arkansas,4, ,Psychology,4,1,3, ,1,3, , ,1.9047619047619,.428571428571429,.222222222222222,1.42424242424242,.5,2.29411764705882,.2,.25,1.16666666666667,1.11111111111111,2,0,0,1,0,3,0,0,1,1
2/15/2018 11:42:01,2/15/2018 11:45:45,2,0,0,0,2,0,0,0,0,0,1,0,0,0,0,0,1,0,0,0,0,3,3,2,2,3,2,3,3,3,1,2,1,0,0,1,1,0,1,2,1,0,21,2,6,Black and white,University of Central Arkansas,4, ,Psychology,2.9,1,3, , , , , ,1.61904761904762,.285714285714286,.333333333333333,1.12121212121212,.3125,1.88235294117647,.2,.5,.952380952380952,1.11111111111111,2,0,0,1,0,2,0,.5,.5,1
2/15/2018 11:52:43,2/15/2018 11:56:13,2,3,1,0,1,0,0,0,0,0,1,0,0,1,0,0,3,0,1,2,1,3,3,3,1,1,2,1,3,3,2,1,0,0,1,2,0,1,2,3,3,1,21,2,5, , ,4, ,Psychology,2,1,3, , , , , ,1.71428571428571,.761904761904762,.777777777777778,1.36363636363636,.75,1.94117647058824,.8,.75,1.23809523809524,1.33333333333333,2,0,1,1,0,2,1,.5,1,1
1/31/2018 14:17:10,1/31/2018 14:21:25,2,1,3,1,2,1,1,0,1,1,1,1,0,0,0,0,1,1,1,1,1,3,3,3,3,2,2,1,3,1,3,3,1,0,1,1,1,3,2,2,3,3,22,2,5, , ,4, ,Psychology,3.9,1,1,1,1,3, , ,2.0952380952381,.952380952380952,.555555555555556,1.78787878787879,1.125,2.41176470588235,.4,.75,1.52380952380952,1.55555555555556,2,1,1,2,1,3,0,1,1,2
2/8/2018 8:10:20,2/8/2018 8:13:03,2,1,0,0,1,0,0,0,0,0,0,0,0,0,0,0,0,0,0,0,0,2,2,2,1,2,2,1,1,2,0,2,0,0,0,0,2,2,2,1,0,0,26,2,5, , ,4, ,Psychology,3.56, , , ,1,1,1,not sure,1.14285714285714,.19047619047619,0,.848484848484849,.25,1.41176470588235,0,0,.666666666666667,.666666666666667,1,0,0,1,0,2,0,0,0,0
2/3/2018 18:32:56,2/3/2018 18:37:38,2,0,0,0,2,0,0,0,0,1,0,0,0,0,0,0,0,0,0,0,0,3,3,3,3,1,3,1,1,3,3,2,0,0,0,1,0,1,0,2,1,0,24,2,5, , ,4, ,Psychology,2.5,1,1,2,1,3, , ,1.47619047619048,.238095238095238,.111111111111111,1.06060606060606,.3125,1.76470588235294,0,.25,.857142857142857,.888888888888889,1,0,0,1,0,2,0,0,0,0
2/19/2018 18:57:10,2/19/2018 19:02:04,2,0,0,0,0,0,0,0,0,0,0,1,0,0,0,0,0,1,0,0,0,3,3,3,3,0,2,3,3,3,3,3,0,0,0,0,0,1,3,0,2,2,22,2,5, , ,4, ,Psychology,3.2,2, , ,1,3, , ,1.76190476190476,.19047619047619,0,1.24242424242424,.25,2.17647058823529,0,0,.976190476190476,.666666666666667,2,0,0,1,0,3,0,0,0,1
2/19/2018 12:52:24,2/19/2018 12:56:22,2,0,0,0,0,0,1,0,0,0,0,0,0,0,0,0,1,0,0,0,0,3,3,3,3,1,3,2,2,3,1,0,0,0,0,0,0,2,0,0,2,2,21,2,5, , ,4, ,Psychology,3, , , ,1,3, , ,1.42857142857143,.19047619047619,0,1.03030303030303,.25,1.76470588235294,0,0,.80952380952381,.555555555555556,2,0,0,0,0,2,0,0,0,0
2/19/2018 17:17:40,2/19/2018 17:21:44,2,3,3,0,2,2,0,0,0,0,0,0,0,0,0,0,0,0,0,0,0,3,3,3,3,1,2,3,2,3,3,3,0,0,0,0,0,1,2,0,3,0,21,2,5, , ,4, ,Psychology,3.98, , , ,1,1,1,Psychology of Gender,1.66666666666667,.571428571428571,0,1.42424242424242,.75,2.05882352941176,0,0,1.11904761904762,.888888888888889,2,0,0,2,0,3,0,0,0,1
2/19/2018 9:57:47,2/19/2018 10:01:46,2,2,1,0,2,1,1,1,0,0,0,0,0,0,0,0,0,0,1,1,0,3,3,3,3,3,3,3,2,3,2,3,0,0,1,0,1,3,3,1,2,2,40,1,5, , ,4, ,Psychology,3.82,1,1,1,2, , , ,2.0952380952381,.571428571428571,.222222222222222,1.63636363636364,.6875,2.52941176470588,.2,.25,1.33333333333333,1.22222222222222,3,0,0,2,.5,3,0,0,1,1
2/18/2018 23:52:15,2/18/2018 23:55:14,2,3,0,0,1,1,1,0,0,1,0,3,0,1,0,0,2,0,0,1,0,3,3,3,3,3,3,3,2,3,3,3,1,0,1,0,0,3,3,2,2,2,21,2,3, , ,4, ,Psychology,3.87,1,3, ,2, , , ,2.19047619047619,.761904761904762,.444444444444444,1.75757575757576,.875,2.58823529411765,.4,.5,1.47619047619048,1.66666666666667,3,0,0,2,.5,3,0,.5,1,2
2/18/2018 21:22:46,2/18/2018 21:26:11,2,0,2,0,2,1,1,0,0,0,0,0,0,0,0,0,0,1,0,0,0,3,3,3,3,0,3,3,3,3,3,3,0,0,0,0,0,3,1,3,3,3,21,2,5, , ,4, ,Psychology,3.5,1,1,1,2, , , ,2.04761904761905,.428571428571429,0,1.57575757575758,.5625,2.52941176470588,0,0,1.23809523809524,1.44444444444444,3,0,0,2,0,3,0,0,.5,1
2/13/2018 19:06:54,2/13/2018 19:24:01,3,1,1,1,3,0,1,0,1,0,0,0,0,0,0,0,2,0,0,0,0,3,3,3,3,2,2,3,2,3,3,3,0,0,1,0,1,2,3,2,0,1,21,2,5, , ,4, ,Psychology,3,1,3, ,1,3, , ,1.9047619047619,.619047619047619,.111111111111111,1.57575757575758,.8125,2.29411764705882,0,.25,1.26190476190476,1,2,0,0,2,.5,3,0,0,1,0
2/23/2018 18:16:02,2/23/2018 18:19:59,3,0,3,1,2,1,0,0,0,0,0,0,0,0,0,0,1,0,0,0,0,3,3,3,3,1,3,3,3,3,3,3,1,0,1,1,0,3,2,0,2,3,30,2,5, , ,4, ,Psychology,3.75,1,1,1,2, , , ,2.0952380952381,.523809523809524,.333333333333333,1.57575757575758,.6875,2.41176470588235,0,.75,1.30952380952381,.777777777777778,3,0,0,2,0,3,0,1,1,1
2/15/2018 13:17:12,2/15/2018 13:21:52,3,1,1,0,2,1,0,0,1,0,2,1,0,0,1,1,1,0,1,0,0,3,3,3,3,3,3,3,3,3,3,3,3,0,2,1,3,1,3,1,3,3,22,2,5, , ,4, ,Psychology,3.2,1,3, ,1,3, , ,2.52380952380952,.761904761904762,1.11111111111111,1.78787878787879,.75,2.76470588235294,.8,1.5,1.64285714285714,1.44444444444444,3,1,1,2,1,3,1,1.5,1,1
2/15/2018 10:55:06,2/15/2018 10:59:15,3,2,1,0,2,0,0,0,0,0,1,0,0,0,0,0,0,0,0,1,0,3,3,3,3,3,3,3,3,3,2,3,1,1,0,0,3,1,3,3,0,0,21,1,5, , ,4, ,Psychology,2.6,1,3, ,1,3, , ,2.0952380952381,.476190476190476,.444444444444444,1.51515151515152,.5,2.47058823529412,.4,.5,1.28571428571429,1.33333333333333,3,0,0,2,0,3,0,.5,1,0
2/15/2018 11:29:03,2/15/2018 11:33:56,3,3,0,0,3,0,1,0,1,1,3,1,0,0,0,0,3,0,3,0,0,3,3,3,3,3,3,3,3,3,3,3,2,0,0,0,3,3,3,3,2,3,21,1,5, , ,4, ,Psychology,3.7,1,3, , , , , ,2.47619047619048,1.04761904761905,.555555555555556,2.09090909090909,1.1875,2.94117647058824,.6,.5,1.76190476190476,1.66666666666667,3,0,0,3,1,3,0,0,3,2
3/2/2018 10:12:31,3/2/2018 10:16:26,3,1,0,1,2,1,0,0,0,0,0,0,0,0,0,0,0,0,0,0,0,3,3,3,3,2,3,3,1,2,3,2,1,0,0,0,3,2,3,0,1,1,21,2,5, , ,4, ,Psychology,3.7,1,2, ,1,3, , ,1.85714285714286,.380952380952381,.111111111111111,1.39393939393939,.5,2.23529411764706,0,.25,1.11904761904762,.777777777777778,2,0,0,1,0,3,0,0,1,1
2/19/2018 12:24:05,2/19/2018 12:26:24,3,1,3,0,3,1,3,0,0,0,3,0,0,0,0,0,3,0,0,0,0,3,3,3,3,3,3,3,3,3,3,3,3,1,0,3,2,3,3,3,3,2,22,2,5, , ,4, ,Psychology,4,1,3, ,2, , , ,2.66666666666667,.952380952380952,1.11111111111111,2,1.0625,2.88235294117647,.6,1.75,1.80952380952381,1.77777777777778,3,0,0,3,0,3,0,2,3,3
2/19/2018 14:59:45,2/19/2018 15:03:32,3,2,0,0,2,0,2,0,0,0,0,0,0,0,1,0,0,0,2,0,0,3,3,3,3,3,3,3,3,3,3,3,0,0,0,0,0,0,3,2,3,0,47,2,3, , ,4, ,Psychology,3.6,1,3, ,2, , , ,1.95238095238095,.571428571428571,.111111111111111,1.57575757575758,.6875,2.41176470588235,.2,0,1.26190476190476,1.44444444444444,3,0,0,2,0,3,0,0,0,2
2/15/2018 10:04:15,2/15/2018 10:07:48,3,1,1,0,2,0,1,0,0,0,1,1,0,0,1,0,1,1,0,1,1,3,3,3,3,2,2,3,3,2,3,3,2,1,0,3,2,3,3,1,0,1,21,2,5, , ,4, ,Psychology,3.5,1,3, ,1,2, ,Gender in American History,2.19047619047619,.714285714285714,1,1.57575757575758,.75,2.35294117647059,.6,1.5,1.45238095238095,1,3,1,1,1,1,3,1,1.5,1,1
1/31/2018 13:16:45,1/31/2018 13:20:03,3,1,2,0,3,3,2,0,0,2,0,2,0,0,0,0,0,0,1,0,0,3,3,3,3,3,3,3,3,2,3,3,0,0,0,1,2,3,3,2,3,3,21,1,1, , ,4, ,Psychology,3.89,1,1,1,1,1,1,Women of Psychology,2.33333333333333,.904761904761905,.111111111111111,2.03030303030303,1.1875,2.82352941176471,0,.25,1.61904761904762,2,3,0,0,3,1,3,0,0,2,3
2/1/2018 9:19:32,2/1/2018 9:23:33,3,2,1,1,3,0,0,0,0,0,0,0,0,0,1,0,0,0,0,0,0,3,3,3,3,2,3,3,3,3,3,3,0,0,0,0,0,1,2,0,0,2,20,2,5, , ,4, ,Psychology,3.8,1,2, ,1,3, , ,1.76190476190476,.523809523809524,.111111111111111,1.42424242424242,.625,2.17647058823529,.2,0,1.14285714285714,.555555555555556,2,0,0,1,0,3,0,0,0,0
2/1/2018 9:01:14,2/1/2018 9:03:51,3,3,0,0,2,2,1,0,0,0,0,1,1,0,0,0,0,0,1,0,0,3,3,3,3,3,3,3,3,3,3,3,0,0,0,0,3,3,3,3,3,3,21,2,5, , ,4, ,Psychology,3.75,1,1,1,2, , , ,2.42857142857143,.666666666666667,0,1.96969696969697,.875,3,0,0,1.54761904761905,2,3,0,0,3,.5,3,0,0,1.5,3
2/20/2018 9:13:07,2/20/2018 9:18:05,3,2,0,0,3,3,2,1,0,1,1,1,0,1,0,0,0,0,1,1,0,3,3,3,3,3,3,3,3,3,3,3,1,0,0,0,3,3,3,3,3,3, ,2,5, , ,4, ,Psychology,4,1,1,1,1,1,1,Psychology of women,2.47619047619048,.952380952380952,.444444444444444,2.06060606060606,1.0625,3,.6,.25,1.71428571428571,2.22222222222222,3,1,0,3,1,3,1,0,2,3
2/20/2018 11:06:37,2/20/2018 11:10:05,3,1,0,0,3,0,0,0,0,0,0,0,0,0,0,0,0,0,1,0,0,3,3,3,3,3,2,3,1,3,1,0,0,1,0,0,3,2,1,3,0,0,23,2,3, , ,4, ,Psychology,3.8,1,1,1,1,3, , ,1.66666666666667,.380952380952381,.111111111111111,1.27272727272727,.5,2,0,.25,1.02380952380952,1.33333333333333,2,0,0,1,0,3,0,0,0,0
2/22/2018 5:13:11,2/22/2018 5:21:40,3,3,1,1,3,1,1,0,1,3,1,0,0,0,0,0,1,0,2,0,0,3,3,3,3,3,3,3,3,3,3,3,0,0,1,1,3,3,3,3,1,1, ,2,5, , ,4, ,Psychology,3.82, , , ,1,2, ,Woman and Gender Studies,2.33333333333333,1,.333333333333333,2.03030303030303,1.25,2.76470588235294,.2,.5,1.66666666666667,1.55555555555556,3,1,0,3,1,3,0,.5,1,1
2/2/2018 10:11:10,2/2/2018 10:13:34,3,0,0,0,0,0,0,0,0,3,0,0,0,0,0,0,0,0,0,0,0,3,3,1,3,3,3,2,1,2,1,2,0,0,1,0,0,0,0,1,2,0,22,2,2, , ,4, ,Psychology,3.4,1,1,2, , , , ,1.33333333333333,.285714285714286,.111111111111111,1,.375,1.58823529411765,0,.25,.80952380952381,1.11111111111111,1,0,0,0,0,2,0,0,0,0
2/2/2018 11:34:09,2/2/2018 11:36:05,3,3,1,1,3,2,0,1,0,0,0,1,0,1,0,1,0,0,0,0,0,3,3,3,3,3,3,3,1,3,2,3,0,0,0,1,3,1,2,0,0,3,20,2,5, , ,4, ,Psychology,3.5,1,3, ,1,3, , ,1.9047619047619,.80952380952381,.333333333333333,1.63636363636364,.9375,2.29411764705882,.4,.25,1.35714285714286,1.11111111111111,3,0,0,2,.5,3,0,0,1,1
2/9/2018 16:02:58,2/9/2018 16:06:23,3,1,0,0,3,0,1,0,0,0,0,0,0,0,0,0,0,0,0,0,0,3,3,3,3,3,3,3,0,3,2,3,0,0,0,0,3,2,1,0,0,1,26,2,5, , ,4, ,Psychology,3.2,1,3, , , , , ,1.71428571428571,.380952380952381,0,1.33333333333333,.5,2.11764705882353,0,0,1.04761904761905,.666666666666667,2,0,0,1,0,3,0,0,0,0
2/8/2018 13:14:36,2/8/2018 13:16:27,3,3,0,0,3,1,1,0,1,0,0,0,0,0,1,1,0,0,0,0,1,3,3,3,3,3,3,3,1,3,3,3,1,0,0,0,3,3,3,0,1,3,20,2,5, , ,4, ,Psychology,3.4,1,3, ,1,3, , ,2.14285714285714,.714285714285714,.333333333333333,1.72727272727273,.8125,2.58823529411765,.4,.25,1.42857142857143,.888888888888889,3,0,0,3,0,3,0,0,1,1
2/22/2018 0:41:14,2/22/2018 0:44:01,3,1,3,0,2,0,1,0,0,0,0,0,0,0,0,0,2,1,0,0,0,3,3,3,3,3,3,3,2,3,3,1,0,0,0,1,0,2,3,2,0,1,21,2,3, , ,4, ,Psychology,3.48, , , , , , , ,1.85714285714286,.619047619047619,.111111111111111,1.54545454545455,.8125,2.23529411764706,0,.25,1.23809523809524,1.22222222222222,2,0,0,2,0,3,0,0,1,1
2/18/2018 17:33:11,2/18/2018 17:38:57,3,0,1,1,3,1,0,0,2,1,0,0,0,0,0,1,0,0,0,0,0,3,3,3,3,3,3,3,3,3,3,3,0,1,0,0,0,3,3,3,3,3,22,2,5, , ,4, ,Psychology,3.66,1,1,2,1,3, , ,2.33333333333333,.619047619047619,.222222222222222,1.81818181818182,.75,2.82352941176471,.2,.25,1.47619047619048,1.77777777777778,3,0,0,3,0,3,0,0,1,3
2/19/2018 16:29:16,2/19/2018 16:33:47,3,1,0,0,2,2,0,0,0,0,0,0,0,0,0,0,3,0,0,0,0,3,3,3,3,3,3,3,3,3,3,3,0,0,0,0,1,3,2,1,3,3,19,2,1, , ,4, ,Psychology,3.431,1,3, ,1,3, , ,2.19047619047619,.523809523809524,0,1.72727272727273,.6875,2.70588235294118,0,0,1.35714285714286,1.44444444444444,3,0,0,2,0,3,0,0,1,2
2/18/2018 16:14:25,2/18/2018 16:17:14,3,2,3,1,2,3,2,2,2,2,2,0,1,1,2,2,2,1,1,2,2,3,3,3,3,3,3,3,3,3,3,3,2,2,2,2,1,3,2,1,2,2,22,2,5, , ,4, ,Psychology,3,1,1,2,2, , , ,2.47619047619048,1.80952380952381,1.88888888888889,2.21212121212121,1.8125,2.58823529411765,1.8,2,2.14285714285714,1.77777777777778,3,2,2,2,2,3,2,2,2,2
2/20/2018 13:46:24,2/20/2018 13:49:30,3,1,0,1,3,2,1,1,1,1,2,0,0,0,0,1,0,0,1,0,0,3,3,3,3,3,3,3,3,3,3,3,1,0,0,2,3,2,2,0,1,3,23,2,5, , ,4, ,Psychology,2.5,1,1,2,1,3, , ,2.23809523809524,.857142857142857,.666666666666667,1.78787878787879,.9375,2.58823529411765,.6,.75,1.54761904761905,1.11111111111111,3,1,0,2,1,3,0,.5,1,1
2/22/2018 16:20:57,2/22/2018 16:25:24,3,0,0,0,2,0,0,0,0,0,0,0,0,0,0,0,0,0,0,0,0,3,3,3,3,3,3,3,2,3,2,3,0,1,0,0,2,0,1,2,0,0,22,2,5, , ,4, ,Psychology,3.5,2, , ,1,1,1,Psychology of Women,1.76190476190476,.238095238095238,.111111111111111,1.24242424242424,.3125,2.11764705882353,0,.25,1,1.11111111111111,2,0,0,0,0,3,0,0,0,0
2/19/2018 11:38:28,2/19/2018 11:42:11,3,1,1,0,1,2,1,0,1,1,0,1,0,0,0,0,1,0,0,0,0,3,3,3,3,3,3,3,2,3,3,3,1,0,0,0,1,3,1,1,1,0, ,2,6,Mixed,Boise State University,4, ,Psychology,3.5,1,3, , , , , ,1.9047619047619,.619047619047619,.111111111111111,1.57575757575758,.8125,2.29411764705882,0,.25,1.26190476190476,1.33333333333333,3,0,0,1,1,3,0,0,1,1
2/22/2018 19:11:34,2/22/2018 19:14:28,3,0,0,2,3,1,0,0,0,0,0,0,1,0,0,1,1,2,0,1,0,3,3,3,3,3,3,3,3,3,3,3,0,0,1,1,3,0,3,3,3,1,22,2,1, , ,4, ,Psychology,3,2, , , , , , ,2.28571428571429,.714285714285714,.444444444444444,1.78787878787879,.8125,2.70588235294118,.4,.5,1.5,2,3,0,0,3,0,3,0,.5,1,3
2/8/2018 19:36:10,2/8/2018 19:41:09,1,2,1,0,0,1,0,0,1,0,0,0,1,1,0,0,1,0,0,1,0,3,3,3,3,0,0,1,2,3,3,2,0,1,0,0,0,1,2,1,2,0,22,2,5, , ,4, ,PSYCHOLOGY,3,1,3, ,1,2, ,Sociology of gender,1.42857142857143,.476190476190476,.333333333333333,1.12121212121212,.5,1.70588235294118,.4,.25,.952380952380952,.666666666666667,1,0,0,1,0,2,0,0,1,1
2/20/2018 20:06:41,2/20/2018 20:09:53,3,2,3,0,2,2,1,0,0,1,0,0,0,0,1,0,0,0,1,1,0,3,3,3,3,3,3,3,3,3,3,3,0,0,0,0,1,3,2,2,2,2,23,2,5, , ,4, ,Psychology and Communication,3.85,1,1,1,2, , , ,2.14285714285714,.80952380952381,.222222222222222,1.81818181818182,.9375,2.64705882352941,.4,0,1.47619047619048,1.55555555555556,3,0,0,2,.5,3,0,0,1.5,2
2/18/2018 17:47:34,2/18/2018 17:55:03,0,0,0,1,1,1,1,0,1,0,0,1,0,0,0,0,2,0,0,1,0,3,1,3,3,2,2,2,2,3,2,2,0,0,1,0,0,3,0,2,0,2,20,2,5, , ,4, ,Psychology and Criminal Justice,3.79,1,1,1,2, , , ,1.57142857142857,.428571428571429,.222222222222222,1.21212121212121,.5,1.88235294117647,.2,.25,1,.888888888888889,2,0,0,1,0,2,0,0,1,0
2/8/2018 11:14:36,2/8/2018 11:18:37,3,3,3,0,2,2,1,0,0,0,2,0,1,0,0,0,2,0,0,0,0,3,3,3,3,3,3,3,3,3,3,3,0,0,0,0,2,3,3,0,3,0,22,1,5, , ,4, ,Psychology and Health Promotion,3.87,2, , ,1,1,2,Psychology of Gender,2.0952380952381,.904761904761905,.222222222222222,1.84848484848485,1.0625,2.58823529411765,.4,0,1.5,1.22222222222222,3,0,0,3,.5,3,0,0,2,2
2/20/2018 19:08:37,2/20/2018 19:12:30,3,0,0,1,2,1,0,1,0,0,0,0,0,0,0,0,2,1,0,0,0,3,3,3,2,3,3,3,0,3,3,0,0,0,0,0,0,0,1,0,1,0,21,1,5, , ,4, ,Psychology and Social Science,2.6,1,3, ,1,3, , ,1.33333333333333,.523809523809524,0,1.18181818181818,.6875,1.64705882352941,0,0,.928571428571429,1.11111111111111,1,0,0,1,0,2,0,0,0,1
2/21/2018 14:56:25,2/21/2018 14:59:06,3,0,0,2,3,2,2,0,0,0,2,0,0,0,1,0,0,0,2,1,1,3,3,3,2,3,3,3,3,3,3,3,2,0,0,0,1,3,3,0,0,3,28,2,6, ,Colorado Mesa University,4, ,Psychology Counseling,2.8,1,2, ,1,1,1, ,2.0952380952381,.904761904761905,.666666666666667,1.72727272727273,.9375,2.47058823529412,.8,.5,1.5,.888888888888889,3,0,0,2,0,3,1,0,2,0
2/22/2018 16:51:33,2/22/2018 16:54:25,0,2,3,3,0,2,0,0,0,0,0,0,3,0,0,0,0,0,0,0,1,3,3,3,3,0,3,3,2,3,3,3,1,0,0,0,0,2,3,0,2,0,21,2,5, , ,4, ,"Psychology, English Literature (double major)",3.97,2, , ,1,1,1,Psychology of Women,1.76190476190476,.666666666666667,.111111111111111,1.51515151515152,.875,2.11764705882353,0,.25,1.21428571428571,.444444444444444,2,0,0,2,0,3,0,0,0,0
2/8/2018 7:02:58,2/8/2018 7:04:57,2,2,2,2,2,0,0,0,0,0,0,0,0,0,0,0,0,0,0,0,0,3,3,3,3,2,3,2,1,3,3,3,0,0,0,0,2,2,1,3,3,0,23,1,5, , ,4, ,"Psychology, Philosophy",3.72,2, , ,1,3, , ,1.9047619047619,.476190476190476,0,1.51515151515152,.625,2.35294117647059,0,0,1.19047619047619,1.44444444444444,2,0,0,2,0,3,0,0,.5,1
2/8/2018 19:27:09,2/8/2018 19:31:57,0,0,0,0,0,0,2,0,0,0,0,0,0,0,0,0,0,0,0,0,0,3,3,3,2,0,1,2,1,2,0,0,0,0,0,0,0,2,0,0,0,0,21,1,5, , ,4, ,Psychology/Criminology,3.94,1,3, , , , , ,.904761904761905,.0952380952380952,0,.636363636363636,.125,1.11764705882353,0,0,.5,0,0,0,0,0,0,1,0,0,0,0
1/31/2018 13:02:19,1/31/2018 13:05:49,1,0,0,1,2,2,1,0,0,1,0,0,0,0,1,0,0,0,0,0,0,3,3,3,3,3,3,3,3,3,3,3,0,0,1,0,0,3,2,0,3,3,20,2,5, , ,4, ,Psychology/Political Science,3.58,1,1,1,1,1,1,Psychology of Women,2.14285714285714,.428571428571429,.222222222222222,1.57575757575758,.5,2.58823529411765,.2,.25,1.28571428571429,1,3,0,0,2,0,3,0,0,1,1
2/19/2018 14:02:27,2/19/2018 14:15:46,0,0,1,0,0,0,0,0,1,0,0,0,0,0,0,0,1,0,0,0,0,3,2,3,3,3,3,3,1,3,1,1,0,0,0,0,0,1,1,2,1,0,22,2,5, , ,4, ,Psychology/Pre-OT,3.91,1,3, ,2, , , ,1.47619047619048,.142857142857143,0,1.03030303030303,.1875,1.82352941176471,0,0,.80952380952381,.888888888888889,1,0,0,1,0,2,0,0,0,0
2/15/2018 10:49:04,2/15/2018 10:52:45,2,0,1,0,1,0,0,0,0,0,2,0,0,0,0,0,1,0,0,0,0,3,3,3,2,0,2,2,3,3,3,2,2,0,0,0,0,0,3,3,0,1,21,2,5, , ,4, ,Psychology/Spanish,3.7,1,3, ,1,3, , ,1.66666666666667,.333333333333333,.444444444444444,1.15151515151515,.3125,1.94117647058824,.4,.5,1,.888888888888889,2,0,0,1,0,2,0,0,0,0
2/8/2018 13:13:02,2/8/2018 13:14:33,1,0,2,1,2,1,1,2,2,0,1,1,1,2,1,0,0,2,2,0,3,3,1,2,2,2,3,1,1,0,1,1,3,3,1,2,2,0,1,3,0,2,21,2,5, , ,4, ,pyschological science,3.98,1,3, , , , , ,1.61904761904762,1.19047619047619,1.44444444444444,1.39393939393939,1.3125,1.47058823529412,.8,2.25,1.4047619047619,1.66666666666667,2,1,1,1,1,1,1,2.5,1,1
